IS(M),pH,Keq
0.1941605,7,4.80E-08
0.143217,7,6.56E-08
0.11774525,7,9.64E-08
0.0922735,7,1.39E-07
0.08004706,7,1.77E-07
0.06680175,7,2.36E-07
