IS(M),pH,Keq
0.143217,7,2.22E-07
0.11774525,7,4.56E-07
0.0922735,7,1.03E-06
0.08004706,7,1.76E-06
0.06680175,7,3.26E-06
