IS(M),pH,Keq
0.1941605,7,2.08E-07
0.143217,7,4.64E-07
0.11774525,7,1.36E-06
0.0922735,7,2.08E-06
0.08004706,7,4.98E-06
0.06680175,7,9.07E-06
