IS(M),pH,Keq,Keq_std
0.346991,7,2.92909E-08,6.76072E-10
0.2960475,7,7.55267E-08,3.77792E-09
0.245104,7,2.77537E-07,2.79523E-08
0.27057575,7,1.40887E-07,1.22862E-08
0.3979345,7,1.36177E-08,7.83167E-10
0.23287756,7,4.02087E-07,1.42154E-08
0.21963225,7,6.97979E-07,5.23515E-10
0.206896375,7,1.03074E-06,1.85275E-08
0.448878,7,8.25823E-09,5.24919E-10
