IS(M),pH,Keq,Keq_std
0.346991,7,1.31E-07,1.96E-08
0.2960475,7,3.58E-07,5.92E-09
0.245104,7,1.75E-06,5.14E-08
0.27057575,7,7.42E-07,3.99E-08
0.3979345,7,4.77E-08,4.89E-09
0.23287756,7,2.57E-06,1.16E-07
0.21963225,7,4.37E-06,4.65E-08
0.206896375,7,6.65E-06,8.48E-08
0.448878,7,2.75E-08,2.06E-09
