IS(M),pH,Keq,Keq_std
0.34699,7,3.02E-07,5.42E-08
0.29605,7,9.08E-07,1.86E-07
0.2451,7,3.73E-06,8.35E-07
0.27058,7,1.77E-06,1.89E-07
0.39793,7,1.26E-07,1.77E-08
0.23288,7,6.16E-06,8.00E-07
0.21963,7,1.10E-05,7.38E-07
0.2069,7,1.79E-05,5.68E-07
0.44888,7,7.39E-08,2.13E-10
