IS(M),pH,Keq
0.14322,7,4.77E-06
0.2451,7,4.19E-07
0.11775,7,1.67E-05
0.19416,7,1.23E-06
