IS(M),pH,Keq
0.143217,7,2.82E-06
0.245104,7,4.33E-07
0.11774525,7,8.47E-06
0.0922735,7,1.50E-05
0.1941605,7,7.83403E-07
