IS(M),pH,Keq
0.143217,7,2.12E-07
0.11774525,7,4.33E-07
0.0922735,7,1.45E-06
0.1941605,7,4.64E-08
