IS(M),pH,Keq,Keq_std
0.22930075,5,3.38E-06,8.34E-08
0.254628,5,1.56E-06,5.69E-08
0.27995525,5,7.14E-07,5.07E-09
0.3052825,5,3.93E-07,6.09E-09
0.33060975,5,2.16E-07,6.55E-09
0.355937,5,1.38E-07,8.30E-10
0.38126425,5,8.32E-08,6.24E-10
