IS(M),pH,Keq,Keq_std
0.1738872,7,2.88E-06,4.50E-08
0.204249,7,8.90E-07,1.40E-08
0.2295505,7,6.02E-07,1.32E-08
0.254852,7,3.30E-07,4.57E-08
0.305455,7,8.88E-08,1.87E-08
0.356058,7,4.87E-08,3.03E-09
0.406661,7,2.25E-08,1.72E-09
0.457264,7,1.32E-08,1.88E-10
