IS(M),pH,Keq,Keq_std
0.120039,9,2.17E-06,7.24E-08
0.14512125,9,6.99E-07,6.70E-09
0.1702035,9,2.78E-07,7.22E-09
0.19528575,9,1.35E-07,2.57E-09
0.220368,9,7.33E-08,2.83E-10
