IS(M),pH,Keq
0.17545742112023113,7.0,5.874178457252452e-08
0.1388084701890723,7.0,2.6004128132359637e-07
0.11383814416902757,7.0,1.0998947436179054e-06
0.19317538539919243,7.0,3.430366737603071e-08
0.24629903469904327,7.0,1.1335310360599771e-08
0.0955291398325342,7.0,4.693553987521765e-06
