IS(M),pH,Keq
0.2960475,7,9.78E-08
0.245104,7,1.47E-07
0.1941605,7,4.85E-07
0.143217,7,2.00E-06
0.11774525,7,5.59E-06
0.0922735,7,1.39E-05
