IS(M),pH,Keq
0.29605,7,2.13E-07
0.2451,7,4.81E-07
0.19416,7,1.81E-06
0.14322,7,1.10E-05
