IS(M),pH,Keq
0.2960475,7,2.2376E-08
0.245104,7,5.3136E-08
0.1941605,7,2.02351E-07
0.143217,7,1.01821E-06
0.11774525,7,2.37399E-06
