residue,res_num,x,y,z,q
LYS,1,0.02437690427647764,-1.0379059169944758,-0.9950180128953732,2.0
ARG,5,-0.42030939295313885,0.2770376619971604,-1.3470315215357866,1.0
GLU,7,-0.49748928142305326,-0.5892768550290799,-1.2137384293894282,-1.0
LYS,13,-1.3037443161275457,-0.06951435615981973,-0.6027622121809808,1.0
ARG,14,-1.1075993196408154,-0.7940277444476077,-0.4589634627714424,1.0
HIS,15,-1.113745672581378,-0.8887936569170944,-0.19370127570745882,1.0
ASP,18,-1.3580523191377194,0.30340655690370477,-0.3626873745982978,-1.0
ARG,21,-1.0452512358080441,0.4647905228728187,0.8713916432178319,1.0
LYS,33,0.3270104360338484,0.48152013481012446,-1.3149548686087662,1.0
ARG,45,1.359524009477092,-0.26384866536710605,0.38727525278519237,1.0
ASP,48,1.184028415613296,0.19535050066628304,0.7923500898530933,-1.0
ASP,52,1.3705817927578263,-0.040228718697789906,0.43334855662985855,-1.0
ARG,61,0.9720231731122084,0.004003326930597283,1.0597446373003572,1.0
ASP,66,0.9889474302263612,-0.7639347598884918,0.7115408876960577,-1.0
ARG,68,1.2006335502673808,-0.5897364770489107,0.5278197965127772,1.0
ARG,73,0.31958659700711434,-0.20678022696159193,1.3867264029835267,1.0
ASP,87,-0.4071406917754847,-1.342319625003687,-0.3167305691136323,-1.0
LYS,96,-1.2308934162160312,-0.33039559331718615,0.6660660040965292,1.0
LYS,97,-0.5508722935238783,-0.4391330743942289,1.253636961477014,1.0
ASP,101,-0.20959927927095684,0.4588801849804032,1.3466257423434143,-1.0
ARG,112,0.40998445883497314,1.3323234689636485,0.3531723227306598,1.0
ARG,114,0.6188940128637551,1.0932513597794944,-0.6997681309992544,1.0
LYS,116,-0.13623349324644293,1.426416812028057,0.12115810192509445,1.0
ASP,119,-0.49971472039749765,1.0938400590568464,-0.7884813855767747,-1.0
ARG,125,-0.5124186235674185,0.5587761346031153,-1.221924775753311,1.0
ARG,128,-0.9196611740334106,-0.17994629337175244,-1.0907549809456574,1.0
LEU,129,-1.1059867004920891,0.023856103130271332,-0.9187644293607395,-1.0
