residue,res_num,x,y,z,q
LYS,1.0,0.6224732777682662,0.08677627077537453,1.2933835074310904,2.0
LYS,1.0,-0.291336076244736,-0.9698541533236071,-1.0209555386789722,2.0
GLU,7.0,-0.3428679467122697,-0.7224610880349824,-1.195129929084123,-1.0
LYS,13.0,-1.3028030097848344,-0.07029432569577303,-0.6046544678331199,1.0
ARG,14.0,-0.9688772046335504,-0.9716339912017864,-0.43017246481238663,1.0
ASP,18.0,-1.3214447719787739,0.386297797688509,-0.415212868431331,-1.0
ARG,21.0,-0.9762429078822251,0.3290805370375356,1.0032446286687733,1.0
LYS,33.0,0.3975195402172743,0.3467503581155276,-1.3377542391232407,1.0
ARG,45.0,1.3127953326557245,-0.34942732291158,0.47150075350967524,1.0
ASP,48.0,1.1681918415772041,0.18032617757802247,0.8189348514702252,-1.0
ASP,52.0,1.3363214798170542,0.15831746784791276,0.5069758198906372,-1.0
ARG,61.0,1.0425119182274256,-0.029490570355134575,0.9900218212816839,1.0
ASP,66.0,1.0561299389605956,-0.6317750054766749,0.7438372768865755,-1.0
ARG,68.0,1.2786438544122443,-0.5612112892850789,0.34344691344191575,1.0
ARG,73.0,0.15881083965202944,-0.1799532600499919,1.4178293061600882,1.0
ASP,87.0,-0.5410183319911844,-1.3118915524935282,-0.23255906549863195,-1.0
LYS,96.0,-1.2856464284687803,-0.4818613823881501,0.42751241985286226,1.0
LYS,97.0,-0.5714330905996615,-0.6616988263507809,1.1416929912081086,1.0
ASP,101.0,-0.07007018355789858,0.4258413839707126,1.3717118083161894,-1.0
ARG,112.0,0.5880999093069286,1.2237750250646477,0.4736635775539456,1.0
ARG,114.0,0.7446368102981551,0.911124724094411,-0.826566245314235,1.0
LYS,116.0,-0.10322547384553599,1.392857816020676,0.3422507938624497,1.0
ASP,119.0,-0.5704177193653478,1.0239998500680754,-0.8330017601989772,-1.0
ARG,125.0,-0.34687644200919965,0.5437969427012117,-1.2852259019673753,1.0
ARG,128.0,-0.8341543798213298,-0.23194774667960538,-1.1481422879744243,1.0
LEU,129.0,-1.2163360012954587,-0.0613007990606753,-0.7645998587412218,-1.0
