IS_M,Keq_m
0.05,1484442821.065089
0.1,700.5328908671041
0.2,0.005738002494825221
0.3,2.6913477448252024e-05
0.4,1.1953049972121837e-06
0.5,1.5845026522870602e-07
