IS_M,Keq_m
0.05,1.7001682852520022e+19
0.1,4061078849.285765
0.2,88.97695068112927
0.3,0.03721509016237984
0.4,0.0004021850371731205
0.5,1.981279782794634e-05
