IS_M,Keq_m
0.05,423.8053405659063
0.1,0.040567418392471126
0.2,2.1077347850737064e-05
0.3,6.200542501767183e-07
0.4,7.872606961756856e-08
0.5,2.0537326050935716e-08
