IS_M,Keq_m
0.05,25026254.87545338
0.1,63.93893189003214
0.2,0.0019105974224515362
0.3,1.604389537241573e-05
0.4,9.95478397403624e-07
0.5,1.630517539356557e-07
