IS_M,Keq_m
0.05,1.4530873184271024e+16
0.1,25731447.59092028
0.2,2.6274212521449605
0.3,0.0022420377472275104
0.4,4.017646347991632e-05
0.5,2.914413166349008e-06
