IS_M,Keq_m
0.05,347861.89824259956
0.1,3.1355585167627127
0.2,0.00027015108576299604
0.3,3.801853087799071e-06
0.4,3.255260860913225e-07
0.5,6.670897940695491e-08
