IS_M,Keq_m
0.05,10706981.7872924
0.1,19.97437118362209
0.2,0.0005444943171877251
0.3,4.679143657819444e-06
0.4,3.053181038087258e-07
0.5,5.309957911017421e-08
