IS_M,Keq_m
0.05,13.6264530751993
0.1,0.003197311109270843
0.2,3.851834530290327e-06
0.3,1.7833631960278494e-07
0.4,3.041560665812257e-08
0.5,9.713809825693895e-09
