IS_M,Keq_m
0.05,4506362071.675162
0.1,2522.9885929965208
0.2,0.021388526738324157
0.3,9.72706410540675e-05
0.4,4.115063749451674e-06
0.5,5.153101104256144e-07
