IS_M,Keq_m
0.05,615787718656.1613
0.1,55586.58391917468
0.2,0.10719122788929854
0.3,0.00024351011789930857
0.4,6.835710253102305e-06
0.5,6.544484975172347e-07
