IS_M,Keq_m
0.05,34792.43251762268
0.1,1.0877552969981925
0.2,0.00019650670972313748
0.3,3.2787994449343506e-06
0.4,2.867378271286084e-07
0.5,5.739176478478975e-08
