IS_M,Keq_m
0.05,7.758766907805017e+22
0.1,1921389123113.804
0.2,10016.414539831047
0.3,1.6837883316718207
0.4,0.009017881951342295
0.5,0.0002617771449855495
