IS_M,Keq_m
0.05,724.3307740183324
0.1,0.07819340886221665
0.2,3.9054191670326796e-05
0.3,1.1148481650046991e-06
0.4,1.3947372492752966e-07
0.5,3.6121475916906004e-08
