IS_M,Keq_m
0.05,10.127546494536825
0.1,0.004280434346395373
0.2,6.4648527715406e-06
0.3,3.0884705079955914e-07
0.4,5.26579259094637e-08
0.5,1.6736825619767575e-08
