IS_M,Keq_m
0.05,64.43609200307431
0.1,0.014917874566629411
0.2,1.3743478417934499e-05
0.3,5.234729471771715e-07
0.4,7.819252697000653e-08
0.5,2.2830485077878935e-08
