residue,res_num,x,y,z,q
GLU,32,1.1773941401316945,-0.9923765742079176,-1.5548588578558427,-1.0
GLU,48,-0.5900875915852365,1.8725051499918486,-0.9665274913922562,-1.0
ARG,123,-1.8996808917649446,-0.9843623626749516,-0.4592358245150319,1.0
GLU,129,-0.9880515734835773,-1.951050695916714,-0.07622049727862444,-1.0
GLU,136,-0.7202878260533964,-1.9904344234118612,0.5549869798853245,-1.0
GLU,212,0.6471037191869566,1.9453679453987702,-0.7651500687677187,-1.0
GLU,214,0.09215385812324683,2.126275277945757,-0.5090337935103728,-1.0
GLU,261,0.6757169148087606,1.5213258408125334,-1.4204325507475661,-1.0
GLU,274,1.9743708378371212,-0.013279208329865138,-0.9435771041257541,-1.0
LYS,292,-0.6163063302705056,1.736643605520137,1.1802075193712298,1.0
GLU,325,-1.5113097629813557,-1.2560068940163887,-0.9628311256946417,-1.0
