residue,res_num,x,y,z,q
LYS,1.0,-0.2178997753977169,-0.6185426379620061,1.2797533719059415,1.0
LYS,1.0,-0.29156801968986,-0.9702144477264234,-1.0205469197038637,1.0
GLU,7.0,-0.34309908884521667,-0.722976393462109,-1.1947519197432175,-1.0
LYS,13.0,-1.3028138793657813,-0.07092928084697737,-0.6045568896724393,1.0
ARG,14.0,-0.9687162098652778,-0.9718750013618429,-0.4299905655618139,1.0
ASP,18.0,-1.3216825186979058,0.38547849363667286,-0.4152175944152187,-1.0
ARG,21.0,-0.9765636144777868,0.32832255937488036,1.0031808430605162,1.0
LYS,33.0,0.3972091680864303,0.3459747682309539,-1.3380472101296068,1.0
GLU,35.0,1.1130594715509852,0.9042621143741599,-0.1060784676464302,-1.0
ARG,45.0,1.3126296917991815,-0.35004227761947826,0.4715057752415691,1.0
ASP,48.0,1.1681720569128655,0.17968017822469814,0.8191050475983567,-1.0
ASP,52.0,1.336388703159065,0.15721820765593586,0.5071406799402777,-1.0
ARG,61.0,1.042385388119965,-0.03011290503121653,0.9901363116180371,1.0
ASP,66.0,1.0557594683169547,-0.6324734173086225,0.7437696696269981,-1.0
ARG,68.0,1.2783697019350326,-0.561853936065887,0.3434167434791234,1.0
ARG,73.0,0.15853964223154035,-0.18054189816587735,1.4177848231828962,1.0
ASP,87.0,-0.5410576662264146,-1.31189392407264,-0.23245415418726248,-1.0
LYS,96.0,-1.2854525211278194,-0.4826186408015845,0.427241223990575,1.0
LYS,97.0,-0.5716323788485906,-0.6623575821945596,1.141211135925898,1.0
ASP,101.0,-0.07046893910791238,0.4250795889590694,1.371927648118294,-1.0
ARG,112.0,0.5880780894065679,1.223687629900441,0.47391639050423395,1.0
ARG,114.0,0.7446180828861936,0.9107387068000626,-0.8270084150569684,1.0
LYS,116.0,-0.10360899407702527,1.392798581487055,0.34237594505746843,1.0
ASP,119.0,-0.5708082230195501,1.0236155972322967,-0.8332065059971824,-1.0
ARG,125.0,-0.3471912929242834,0.5432306984792884,-1.2853803384007665,1.0
ARG,128.0,-0.8342432866833459,-0.2323931717876025,-1.1479876098330792,1.0
LEU,129.0,-1.2163776361403618,-0.061889193993227815,-0.7644862156798213,-1.0
