residue,res_num,x,y,z,q
LYS,1,-0.01416583393678926,-1.010483662804623,-1.0230473441314112,1.0
ARG,5,-0.4206614526523138,0.27627248489976775,-1.347078775840618,1.0
GLU,7,-0.4976828267170179,-0.5898687648402505,-1.213371507922162,-1.0
LYS,13,-1.3037567451289802,-0.07024277518510152,-0.6026508724340223,1.0
ARG,14,-1.1074086378259433,-0.7943981497632396,-0.4587825852206421,1.0
ASP,18,-1.3582528827694949,0.30251236694372313,-0.3626832588843449,-1.0
TYR,20,-1.2956645956257984,0.19235591256615533,0.593427527608202,-1.0000000000000004
ARG,21,-1.0456463388711026,0.4639637541153065,0.871358216150623,1.0
LYS,33,0.32664596084894354,0.48066037652017857,-1.3153599471950845,1.0
GLU,35,1.088221626881862,0.8117756216119892,-0.47402299830658745,-1.0
ARG,45,1.3593888629412596,-0.26452844467760495,0.38728593215894275,1.0
ASP,48,1.1840215672735221,0.19476656717313276,0.7925040596257223,-1.0
ASP,52,1.37051584642767,-0.04147978079080978,0.4334391704226765,-1.0
ARG,61,0.9718723658668275,0.003316873899643483,1.0598853120939333,1.0
ASP,66,0.9885169446514983,-0.764592911482941,0.7114321484354015,-1.0
ARG,68,1.2003485785635095,-0.5903478848324473,0.5277844605470337,1.0
ARG,73,0.31930127604296654,-0.2074083105390494,1.386698330502051,1.0
ASP,87,-0.4072760730371127,-1.342316665046482,-0.316569017830969,-1.0
LYS,96,-1.2308322036076629,-0.33138881138809007,0.6656855971324593,1.0
LYS,97,-0.551152234858281,-0.43996743423652745,1.2532213063950655,1.0
ASP,101,-0.21004360694070998,0.45807957632277996,1.3468290748717093,-1.0
ARG,112,0.4098512500399478,1.3323160289868454,0.35335495429655583,1.0
ARG,114,0.6188451458797299,1.092999178700371,-0.7002051504822824,1.0
LYS,116,-0.13666182711910446,1.426374115433315,0.12117838012946873,1.0
ASP,119,-0.5001174688488754,1.0934930554995599,-0.7887073138414118,-1.0
ARG,125,-0.5127328800673374,0.5582149636737881,-1.222049434355677,1.0
ARG,128,-0.9197445319646145,-0.1804264181573837,-1.090605371127703,1.0
LEU,129,-1.1061067379618397,0.023156237589785026,-0.9186378202951415,-1.0
