IS_M,Keq_m
0.05,8970.58031146722
0.1,0.10844324332728572
0.2,1.7475323464880428e-05
0.3,4.009139710602943e-07
0.4,5.035802244049363e-08
0.5,1.3904220201038238e-08
