IS_M,Keq_m
0.05,0.637812733011692
0.1,0.00022373525894723307
0.2,4.5588695582822385e-07
0.3,3.1258557704562584e-08
0.4,7.177435192555045e-09
0.5,2.826710830025864e-09
