IS_M,Keq_m
0.05,44016.41122905839
0.1,0.18880631628439692
0.2,1.480086718650902e-05
0.3,2.585496937729968e-07
0.4,2.86603860442248e-08
0.5,7.416772258899937e-09
