IS_M,Keq_m
0.05,11490455035964.666
0.1,52690.9499970073
0.2,0.026827378753117713
0.3,5.366417745299901e-05
0.4,1.6153333350168087e-06
0.5,1.737374817373761e-07
