IS_M,Keq_m
0.05,0.07009852960491966
0.1,4.832991700267557e-05
0.2,1.8153464271359706e-07
0.3,1.6928212693788712e-08
0.4,4.615662025194658e-09
0.5,2.004909384233874e-09
