IS_M,Keq_m
0.05,571.8443410032141
0.1,0.017291829811286352
0.2,5.7759676901215464e-06
0.3,1.8700958923814942e-07
0.4,2.8871522075017478e-08
0.5,9.086830809068702e-09
