IS_M,Keq_m
0.05,131102410785.168
0.1,2333.112441153805
0.2,0.0032038799142686705
0.3,1.1128320592309025e-05
0.4,4.870250558011437e-07
0.5,6.830175139605595e-08
