IS_M,Keq_m
0.05,2121.8737091804296
0.1,0.023827419362457143
0.2,4.174713111609455e-06
0.3,1.0804986348375167e-07
0.4,1.519192757283396e-08
0.5,4.559313893584928e-09
