IS_M,Keq_m
0.05,1484969861006943.2
0.1,2002550.048974952
0.2,0.3614733949766673
0.3,0.00036341854634347893
0.4,6.964857143901567e-06
0.5,5.475066259501702e-07
