IS_M,Keq_m
0.05,1269630.9563237994
0.1,1.9363112100930064
0.2,6.3742968709985e-05
0.3,7.259048327980881e-07
0.4,6.161884365513119e-08
0.5,1.3375841867288052e-08
