IS_M,Keq_m
0.05,8.487308452660127
0.1,0.0013783869126665097
0.2,1.4001097783011535e-06
0.3,6.707969350442468e-08
0.4,1.2451722370703233e-08
0.5,4.3142029320674795e-09
