IS_M,Keq_m
0.05,184982.13506374467
0.1,0.840764622415249
0.2,6.211120540920373e-05
0.3,9.814437800027895e-07
0.4,9.803118931677722e-08
0.5,2.3254548947022265e-08
