IS_M,Keq_m
0.05,0.163954714725447
0.1,0.00011888490112589986
0.2,4.039012812432948e-07
0.3,3.505350077400545e-08
0.4,9.232818134735637e-09
0.5,3.972938480177796e-09
