IS_M,Keq_m
0.05,1.3827749013932882
0.1,0.00048351991034820385
0.2,9.20805394873774e-07
0.3,6.088167124098708e-08
0.4,1.3771102147613926e-08
0.5,5.426471240525874e-09
