IS_M,Keq_m
0.05,0.034622118650360585
0.1,4.3501862826888586e-05
0.2,2.2885219142970844e-07
0.3,2.4162283484987576e-08
0.4,7.052254473362044e-09
0.5,3.2115739324106436e-09
