,residue,res_num,x_new_nm,y_new_nm,z_new_nm,q,num
0,LYS,1,0.4998206515228259,1.3467374333022868,0.06619194840894073,2.0,
1,ARG,5,1.0330857636446986,-0.775981047022945,-0.6312614288837309,1.0,
2,GLU,7,1.3062828898102279,-0.07493881708515383,-0.5965844093365352,-1.0,
3,LYS,13,1.3830910049192837,-0.03462824590545077,-0.39212743933239635,1.0,
4,ARG,14,-0.9881537918812624,-0.8545921661330329,-0.6009393356697817,1.0,
5,ASP,18,-0.13723956198257614,1.3793959248749226,0.3825388307685801,-1.0,
6,ARG,21,-1.0614346292802668,0.5229172768406126,0.817201212264621,1.0,
7,LYS,33,0.442995445834315,1.0352752276781299,0.8943511669956932,1.0,
8,GLU,35,-0.48201048123077134,-0.7240531964344498,-1.145127345187967,-1.0,
9,ARG,45,-1.1874189139439406,0.2680852276216988,-0.7655523532193733,1.0,
10,ASP,48,-1.1781537789828644,0.7823025905804764,0.2604997155852124,-1.0,
11,ASP,52,1.2538522118232485,-0.6726007481973248,0.20824657598830085,-1.0,
12,ARG,61,-0.6997063934554909,1.1777552566117966,-0.437272558550495,1.0,
13,ASP,66,0.505442111901135,-0.807564845799049,-1.077158792066882,-1.0,
14,ARG,68,0.48028755196350154,0.05848956048986682,1.3541811587535526,1.0,
15,ARG,73,-1.0404298965478755,-0.233312079496589,-0.9648703933227815,1.0,
16,ASP,87,-0.1452766502428698,1.4302357071127152,-0.03498984101860408,-1.0,
17,LYS,96,-0.3515566272929733,-1.3598824178152311,-0.3082718272951573,1.0,
18,LYS,97,0.9707197676872062,-0.4817951677727646,0.945240879835725,1.0,
19,ASP,101,-0.4508647211413264,0.31316515118440447,1.3291171367845305,-1.0,
20,ARG,112,-0.606361791736148,-0.38448347635400526,1.2459540946253889,1.0,
21,ARG,114,-0.23267630392305105,1.3367253388325044,-0.476372625259197,1.0,
22,LYS,116,0.8590281289004573,-0.38844962165961244,-1.0858551179465832,1.0,
23,ASP,119,-1.1076596465012238,-0.5524109709467153,0.7320081957676404,-1.0,
24,ARG,125,-1.1217985493949625,0.8641241742984253,0.2505218512404218,1.0,
25,ARG,128,0.6140639637994103,0.26326478474513687,1.2733895214962931,1.0,
26,LEU,129,-0.2941522376848947,0.3213619748983322,1.3704396061610735,-1.0,
