,residue,res_num,x_new_nm,y_new_nm,z_new_nm,q,num
0,LYS,1,-1.260276913123078,0.14121162793391037,-0.6779860989472616,2.0,
1,ARG,5,-0.19343648552977244,-1.4065803355323072,0.22807423734437385,1.0,
2,GLU,7,-0.26365248228750165,-0.9416531444653257,1.054362601803909,-1.0,
3,LYS,13,-0.6416084891388535,1.276700325204506,-0.16210674960707852,1.0,
4,ARG,14,1.2104063720705556,-0.7719803753387601,-0.08286426565973916,1.0,
5,ASP,18,-0.7231828684975905,-0.7938469332956319,-0.9564085723106115,-1.0,
6,ARG,21,-1.334875305488879,0.5345838179187444,0.015226043343437738,1.0,
7,LYS,33,0.46421386247408786,1.243092468419632,-0.554193447115518,1.0,
8,GLU,35,0.7229013433540118,-1.2383844720749146,0.10826504090058599,-1.0,
9,ARG,45,-1.1779768081048783,-0.7255611925529589,0.39221851997155394,1.0,
10,ASP,48,0.1872924655599209,-0.44247826217852354,-1.3553738568470564,-1.0,
11,ASP,52,0.056967743007633555,-1.3993028278290645,0.3265119358717314,-1.0,
12,ARG,61,-0.99850975362732,0.7340844644386691,0.7293847016228172,1.0,
13,ASP,66,-0.0266995536608112,-1.437521430176821,0.026889470006034418,-1.0,
14,ARG,68,0.5129861996293943,-1.235581417489448,-0.527340015289057,1.0,
15,ARG,73,0.56943878147679,-0.4720419758579134,1.233215155258356,1.0,
16,ASP,87,1.2999365131757474,-0.10129115300246778,0.606472535253177,-1.0,
17,LYS,96,1.293870827626746,0.48636192557104097,-0.3965528095371579,1.0,
18,LYS,97,-0.17104229472757468,1.2990390734060289,0.5925755573420463,1.0,
19,ASP,101,-1.3956162007342265,0.23969884503563849,-0.2504069805681338,-1.0,
20,ARG,112,1.2519624409877619,-0.05211325620855078,0.7055338594736695,1.0,
21,ARG,114,-0.2704817220580866,-1.4116745418881096,-0.043799518239277774,1.0,
22,LYS,116,-1.2347071699384369,-0.3347308966701378,0.6567778949519587,1.0,
23,ASP,119,0.1205305682080393,-1.3641357116475958,0.43875951763541166,-1.0,
24,ARG,125,1.2346982737000627,-0.705185067717375,-0.21479749805579992,1.0,
25,ARG,128,-0.3309084164922214,-0.7031452840360335,-1.209954586508519,1.0,
26,LEU,129,0.29042774055083087,0.6471580931954258,-1.250896439322898,-1.0,
