,residue,res_num,x_new_nm,y_new_nm,z_new_nm,q,num
0,LYS,1,-1.0746883362364434,0.8733822815900741,-0.3874946995022862,2.0,
1,ARG,5,-1.0506428421191667,0.2682432218774793,0.9445099068834876,1.0,
2,GLU,7,-0.913273154025418,-0.5188790331999183,0.9821407572351777,-1.0,
3,LYS,13,-1.1994376042249646,0.4970482663793231,0.6182202086966192,1.0,
4,ARG,14,-0.2971646950783394,-0.7508906531929556,1.1898571943418081,1.0,
5,ASP,18,0.34291583350767163,-1.3518819348697253,0.350325187908509,-1.0,
6,ARG,21,1.2502850573169433,0.1692323602783145,0.6899648220489967,1.0,
7,LYS,33,0.16665932977332426,1.3566957564999675,-0.44665989754509217,1.0,
8,GLU,35,0.954061710217296,1.062496973589431,-0.16961782391910898,-1.0,
9,ARG,45,-0.6243320487416184,-0.07863590557671449,1.2930311903619063,1.0,
10,ASP,48,-0.614063661357597,0.5311372863948928,-1.1868962780216632,-1.0,
11,ASP,52,-0.5744645774736968,-0.3837730507074351,1.2611948567763749,-1.0,
12,ARG,61,0.4281636562439867,0.7016758109906394,1.179928265498761,1.0,
13,ASP,66,-0.27502085994224573,-0.8765749267957587,-1.1062927715076798,-1.0,
14,ARG,68,-0.49556060754639314,1.317200667835661,-0.2954756451588593,1.0,
15,ARG,73,0.22879888491566802,0.29564044184756233,-1.3885789755667592,1.0,
16,ASP,87,-0.7175895144794515,-0.707367482863145,1.0259631108755853,-1.0,
17,LYS,96,-1.3195161610913047,-0.4311873450516377,-0.37531099912831106,1.0,
18,LYS,97,-1.2307347710387249,-0.7367991244592899,0.10160091305094779,1.0,
19,ASP,101,-0.11907852980363902,-1.183491421856104,0.8081287831239069,-1.0,
20,ARG,112,0.7206397412333104,-1.1610208962099848,0.44789799497146254,1.0,
21,ARG,114,0.02213259664463311,-1.2972269946404127,0.6201742049799183,1.0,
22,LYS,116,1.0582151966749394,0.5778984603722338,0.7836566461187746,1.0,
23,ASP,119,1.3617440519944766,-0.46196034426956395,-0.012229029418371257,-1.0,
24,ARG,125,0.36133192077216114,0.025526862284650016,1.3916506006586231,1.0,
25,ARG,128,-1.2195910975204964,0.4495304974503989,0.6151614899286637,1.0,
26,LEU,129,1.1605683242438944,-0.20872559862916054,0.8230544096346987,-1.0,
