,residue,res_num,x_new_nm,y_new_nm,z_new_nm,q,num
0,LYS,1,0.47585879038198464,-1.338567759499327,0.2229316864549576,2.0,
1,ARG,5,-1.2694396576128033,0.3450411485908383,-0.5808384744828023,1.0,
2,GLU,7,-0.7719061990154248,1.149253951311308,-0.38894722945074495,-1.0,
3,LYS,13,0.9015500196443563,-0.3500341695101959,1.0642309026875105,1.0,
4,ARG,14,-1.249916504478084,-0.4273260774140603,0.5683352244720586,1.0,
5,ASP,18,-0.37441858970648706,0.030235327934436618,-1.388092330000929,-1.0,
6,ARG,21,0.34520447431903306,-1.2506136556962428,0.6202444091458662,1.0,
7,LYS,33,-0.1241255909319788,1.319598498326233,0.5578139590145117,1.0,
8,GLU,35,1.278088514794999,-0.03528153792470926,-0.658140359962285,-1.0,
9,ARG,45,0.22275751464716168,0.27237625863682036,1.3943077262138845,1.0,
10,ASP,48,-0.61153338773789,1.198212135731696,-0.5081519117819125,-1.0,
11,ASP,52,1.1582297586504176,0.8484157239323245,-0.08123027478403992,-1.0,
12,ARG,61,0.16822238726478533,-0.7476121499309556,-1.216832393421155,1.0,
13,ASP,66,1.0154342110004821,0.45963253244847213,-0.908589604951178,-1.0,
14,ARG,68,-0.25168339388009986,0.10331165764809415,1.4120502620726723,1.0,
15,ARG,73,1.405913875407486,0.30215703397980603,0.003327722003952524,1.0,
16,ASP,87,-0.08090038099150793,-1.2026606414033838,0.7841978589330217,-1.0,
17,LYS,96,-0.7175733788508543,-1.2262093661347278,0.22226742529786678,1.0,
18,LYS,97,-0.32091594812022656,-0.27036294545496425,1.3754346963587611,1.0,
19,ASP,101,-1.3387447026702015,-0.00798829706160254,0.5249786473400938,-1.0,
20,ARG,112,0.8965615397097308,-0.9032078488083163,-0.6695496690648689,1.0,
21,ARG,114,0.601437800972068,1.2869950397090955,0.22320419195564442,1.0,
22,LYS,116,-0.5040452467845026,-1.1255498424254913,-0.739580768672636,1.0,
23,ASP,119,0.08320957739203058,-0.12152245539861148,1.4304587484596112,-1.0,
24,ARG,125,-0.03239975272815554,-1.152723373859842,0.859117484026977,1.0,
25,ARG,128,-1.2205098538593688,0.6963598647806549,0.30551989679128166,1.0,
26,LEU,129,0.8112253237819164,1.0499126257760611,0.5545274783736569,-1.0,
