,residue,res_num,x_new_nm,y_new_nm,z_new_nm,q,num
0,LYS,1,0.3298376401360737,1.3118803179228749,0.48793537950895494,2.0,
1,ARG,5,0.7051482306517228,-0.6588555673196506,1.0661046319199403,1.0,
2,GLU,7,-0.16570743448331404,-1.296348219333119,-0.5999384238147402,-1.0,
3,LYS,13,-0.9290167381540547,-0.9350731212653505,0.5748651407914561,1.0,
4,ARG,14,-0.8119541280696935,0.8975523477552361,0.7765526697720849,1.0,
5,ASP,18,1.391474698497188,-0.2218222461747434,0.28722260796228494,-1.0,
6,ARG,21,1.0480035150554596,0.8041977981443076,-0.5682062177341547,1.0,
7,LYS,33,-1.1950567022060523,-0.7968350117811128,-0.06926192671803325,1.0,
8,GLU,35,-0.28125560025412055,-1.0565240670223008,0.93410703621633,-1.0,
9,ARG,45,-1.1660992205059715,0.0014373411633884178,0.8414952845775493,1.0,
10,ASP,48,-0.3663496409248721,0.8825280286299018,1.074632956528573,-1.0,
11,ASP,52,-0.312008940117963,0.6193974438914722,-1.2597225884168628,-1.0,
12,ARG,61,-0.19045017543369866,-0.11585328446634376,-1.42063736369847,1.0,
13,ASP,66,-0.500168616808448,-0.4193313254354239,-1.281365040200879,-1.0,
14,ARG,68,0.14991048454165065,-1.3820444117514956,-0.3679454613817856,1.0,
15,ARG,73,-0.4811295761945668,1.339312694996574,0.20654202456729195,1.0,
16,ASP,87,0.44174701240804193,0.09095227667066474,-1.3654636693729707,-1.0,
17,LYS,96,-0.002068275580528684,0.526926661513403,1.338001415396474,1.0,
18,LYS,97,-1.146872801899549,0.7607820349264353,-0.41688996579046483,1.0,
19,ASP,101,0.164764435180661,-1.0451309032282448,-0.9738880058802535,-1.0,
20,ARG,112,1.0032808594356215,0.8590502248285565,-0.5686510356032357,1.0,
21,ARG,114,-1.0355077495535698,0.38032285705261254,-0.9224868546479914,1.0,
22,LYS,116,0.28760273249836077,1.2134936333848185,-0.7159760065634139,1.0,
23,ASP,119,-0.7058564330240031,-0.4911016583729785,-1.1526012446125704,-1.0,
24,ARG,125,-1.170794622930193,0.5631484746952233,-0.6164474984511619,1.0,
25,ARG,128,-0.7809573087915294,1.1892282798312153,-0.20915437426763556,1.0,
26,LEU,129,1.1438300401748864,-0.8037052509080731,0.33706747223191724,-1.0,
