,residue,res_num,x_new_nm,y_new_nm,z_new_nm,q,num
0,LYS,1,0.6040894681157158,0.2877882263528803,1.2728541248960306,2.0,
1,ARG,5,-0.01861937914556088,0.9162339219610136,-1.1081843217392484,1.0,
2,GLU,7,-1.3236979813653285,-0.5475212886918122,0.12628485474955684,-1.0,
3,LYS,13,0.7650896164760658,-0.5371591618666696,1.0927038416532218,1.0,
4,ARG,14,-0.6273641293262043,-0.7763971036903333,-1.0351451872063844,1.0,
5,ASP,18,-1.1647184892401885,0.8386025437812094,-0.08989096932530595,-1.0,
6,ARG,21,0.8214438547965459,1.0956117297959476,0.43905432799487165,1.0,
7,LYS,33,-0.5255342826960838,1.1317914140619745,-0.7146787283438721,1.0,
8,GLU,35,1.1917953579011316,-0.7756520661003312,0.21422294279583134,-1.0,
9,ARG,45,0.0362042267272622,0.3825292105659734,-1.3857360603705742,1.0,
10,ASP,48,1.304164789606787,0.5798118373550601,-0.17571626786766226,-1.0,
11,ASP,52,-0.7903265652621224,0.7852222517414754,-0.9092379818240812,-1.0,
12,ARG,61,-0.9295732900280457,0.9486724693837764,-0.5511967128713924,1.0,
13,ASP,66,-1.2187534495449277,0.6866707606191128,-0.3332072443894537,-1.0,
14,ARG,68,0.05334972456112468,-0.9650210986949379,1.064796627503756,1.0,
15,ARG,73,-0.9889353165406946,-0.8820706119359036,-0.5584461901007849,1.0,
16,ASP,87,0.37328736687200703,1.3452415457721483,-0.34479776281587166,-1.0,
17,LYS,96,0.6837841663714919,-0.7219659122047547,-1.0388013320238405,1.0,
18,LYS,97,-0.5096751034925749,-1.0204236069042179,0.8757115525861954,1.0,
19,ASP,101,-0.35462872095656434,0.12963898385836947,1.38756476465691,-1.0,
20,ARG,112,0.8816482511854045,0.9242590037391717,0.6605644761636044,1.0,
21,ARG,114,-0.12031072897385056,1.399593085054969,-0.3075195875722393,1.0,
22,LYS,116,-1.0981463685646649,-0.9216313872842122,0.11213345246322891,1.0,
23,ASP,119,-0.05591708024431174,-0.5485180376560651,-1.3281208583872914,-1.0,
24,ARG,125,0.016729856914407003,-1.3854862180729113,-0.38477502959281334,1.0,
25,ARG,128,0.29971400461585995,-1.4031176401011232,-0.09662388656374787,1.0,
26,LEU,129,-1.3886909173078046,0.2713145984953922,0.2565729853484135,-1.0,
