,residue,res_num,x_new_nm,y_new_nm,z_new_nm,q,num
0,LYS,1,-0.39992265806504457,-1.2759437984952742,0.5290870085611115,2.0,
1,ARG,5,-0.8266478539365416,0.41205400283199534,1.1021654124099274,1.0,
2,GLU,7,0.9611493656057368,0.6361535487640946,-0.8598862316440724,-1.0,
3,LYS,13,0.4210274217289884,0.8286854230002507,1.0972329524032904,1.0,
4,ARG,14,-0.24233599059658817,-0.10134923539623428,-1.4138265000086376,1.0,
5,ASP,18,-0.9823161052778592,-0.800585841950997,0.6797213774480368,-1.0,
6,ARG,21,-0.9191481489288519,-0.9234619626470421,0.6085133160788211,1.0,
7,LYS,33,0.4052756907768287,-0.821179815708646,1.1087466332388947,1.0,
8,GLU,35,-1.1763491469703213,0.42645789423879576,-0.7086890156084787,-1.0,
9,ARG,45,1.04215420360325,-0.7905134902628593,0.5974167804849587,1.0,
10,ASP,48,1.1258968048334284,-0.3191755989618212,-0.835695574879839,-1.0,
11,ASP,52,-0.6507510498786776,1.2422469190308914,0.3181971640674412,-1.0,
12,ARG,61,0.08936713843994118,0.09493354675163188,-1.4320980791303077,1.0,
13,ASP,66,1.0806478689223422,0.9400074228786294,0.12841339613600683,-1.0,
14,ARG,68,0.41775374253824693,-0.8288122407388714,1.0983878423294773,1.0,
15,ARG,73,-1.1874522920322255,-0.5651404416545759,0.5817878542341618,1.0,
16,ASP,87,0.1449205642189839,-1.1431644254990532,0.8602772217839876,-1.0,
17,LYS,96,-0.2807439749819238,-1.2631052786883856,-0.6274166458115287,1.0,
18,LYS,97,-1.0328720068157502,0.6618636738931712,-0.7503436990456736,1.0,
19,ASP,101,0.397256820348485,-1.3268078605098181,-0.38687425858601093,-1.0,
20,ARG,112,1.063043800695491,0.6020852359000638,-0.7585084168910421,1.0,
21,ARG,114,-0.043603539037270225,-1.4329760024015357,0.11217076225667925,1.0,
22,LYS,116,0.492039779746017,0.9475752609705569,0.9632765708375643,1.0,
23,ASP,119,1.1394628102643927,-0.5919073368574679,-0.6474364683729043,-1.0,
24,ARG,125,0.13067856119622498,-1.0093312278043998,-1.0159120819259175,1.0,
25,ARG,128,1.364597600563407,0.4152427225141062,0.18262158118954713,1.0,
26,LEU,129,-1.017528982656781,-0.9373778513840979,0.39225158402292465,-1.0,
