,residue,res_num,x_new_nm,y_new_nm,z_new_nm,q,num
0,LYS,1,-0.5608659692904598,-1.0651905836216875,-0.7865762245555524,2.0,
1,ARG,5,-1.4181012234659127,0.23686155627372546,0.0280943970317121,1.0,
2,GLU,7,1.113679904670988,-0.5795058561419496,0.7012801185045177,-1.0,
3,LYS,13,0.5266814078504882,-0.4812720130356641,-1.2485542503526759,1.0,
4,ARG,14,-1.219224865950838,0.10353961512401598,0.7554297097199956,1.0,
5,ASP,18,0.26348999831368697,1.4105854551602772,0.09341020532806789,-1.0,
6,ARG,21,-0.1740738410250274,1.395188990394324,-0.3017445126821117,1.0,
7,LYS,33,0.7059143916987431,1.1469751708585185,0.5040204370927541,1.0,
8,GLU,35,-0.1578550252688141,1.2696124243964195,-0.6565591022871691,-1.0,
9,ARG,45,0.5405587191522755,1.2133220374145648,0.5509534251215118,1.0,
10,ASP,48,-0.6607644268421109,-1.1942171828484989,0.45292324337564843,-1.0,
11,ASP,52,-1.2275337206942225,0.5394600456229761,0.519661039251126,-1.0,
12,ARG,61,0.794394253935997,0.9438739434463944,-0.7388799091712591,1.0,
13,ASP,66,-1.0696747502889223,-0.032256850479937135,-0.9605515062566674,-1.0,
14,ARG,68,0.3341469819043563,0.6661909785589409,-1.2298126469309851,1.0,
15,ARG,73,0.9937392341932579,0.18159744336125144,1.0234297606431813,1.0,
16,ASP,87,1.4030467336732955,0.20021427810948922,0.24347048681574968,-1.0,
17,LYS,96,-0.5737535006728876,1.3168060728118829,-0.0687928706470239,1.0,
18,LYS,97,-0.3206186949582936,0.14887123690740767,-1.3938955410092266,1.0,
19,ASP,101,-1.200305866535355,-0.002946057462465083,-0.7919349212446334,-1.0,
20,ARG,112,0.7379429982296559,-0.14110116585350616,1.2261461431408218,1.0,
21,ARG,114,-0.04894326509044752,0.3189900637560659,1.401339954474892,1.0,
22,LYS,116,-0.6659590828877031,-0.9599627697974712,0.8383756631144789,1.0,
23,ASP,119,0.012570728042780309,-0.2760009505196637,1.4112296850935435,-1.0,
24,ARG,125,0.13375925475106834,-1.1767570657712638,0.8156316827504616,1.0,
25,ARG,128,-0.2878304801068359,1.17512296338062,-0.7772666258353843,1.0,
26,LEU,129,0.28157196114274813,-0.8165268231192481,-1.1497412534155327,-1.0,
