,residue,res_num,x_new_nm,y_new_nm,z_new_nm,q,num
0,LYS,1,-0.485584207022522,-0.9475043353808599,-0.9666164101158685,2.0,
1,ARG,5,-0.6185882787014079,1.0329965475748766,0.7862381612031565,1.0,
2,GLU,7,-0.13178006787152757,-1.182144012422951,-0.8081295190653828,-1.0,
3,LYS,13,-0.9598972922874587,0.8441979207534304,0.6586583566882723,1.0,
4,ARG,14,1.1182927022257656,-0.09009805293855658,0.8995596394824421,1.0,
5,ASP,18,0.09161351139637093,0.8352325522816615,1.1670035647414252,-1.0,
6,ARG,21,0.4955273018963795,1.3496178551366076,0.029801177028133525,1.0,
7,LYS,33,0.8975309735360424,0.745697620389614,-0.8404028691462306,1.0,
8,GLU,35,0.3408043152064071,1.2539278055126641,-0.6159717926004336,-1.0,
9,ARG,45,-0.10051933164894414,-0.3399798913785892,-1.3936331330029281,1.0,
10,ASP,48,-0.013149511878735138,-1.1780722716176757,0.8245462904915805,-1.0,
11,ASP,52,-0.6348716887908683,0.4566595171881702,1.2067741280429423,-1.0,
12,ARG,61,-1.0235455363061579,-0.5139779976604542,-0.8695314399199118,1.0,
13,ASP,66,0.8356277259057674,-0.41434232068888577,-1.0945092585100455,-1.0,
14,ARG,68,0.9865935730421473,-1.0419146042355083,-0.09460893770251386,1.0,
15,ARG,73,0.23432783037870264,-0.1703399243202602,1.4085377346997427,1.0,
16,ASP,87,-0.45524670562276986,1.2705422928287309,0.49636326529431263,-1.0,
17,LYS,96,-0.7854476467156443,-1.1991987825283374,0.11356956560591093,1.0,
18,LYS,97,0.23903057254778623,1.1122458970407416,-0.8795892347476856,1.0,
19,ASP,101,0.5096337521392491,1.250842382046443,-0.4935286677968732,-1.0,
20,ARG,112,-1.147823418037601,0.8653459036777704,-0.0397698374787521,1.0,
21,ARG,114,-0.9016733400799611,1.103695754930105,-0.19168891548239625,1.0,
22,LYS,116,0.33880438292953646,0.41144871513721804,-1.3355992351376118,1.0,
23,ASP,119,-0.8960380566801857,0.38470574264263785,1.056892172616998,-1.0,
24,ARG,125,0.5246698362853542,0.1513894607590115,-1.3303031857602614,1.0,
25,ARG,128,0.813036419940622,1.0858036553136523,0.47739498734083197,1.0,
26,LEU,129,-1.2996184146501022,-0.07138427067860378,-0.6113918826600042,-1.0,
