,residue,res_num,x_new_nm,y_new_nm,z_new_nm,q,num
0,LYS,1,-0.6904028359399909,0.1376878588409589,-1.2539097852853351,2.0,
1,ARG,5,0.42250791421277895,-1.2351734330425481,0.6031064787530958,1.0,
2,GLU,7,0.15672223326725726,0.0490777703026035,-1.428612363814045,-1.0,
3,LYS,13,-0.976150160634331,0.21943364012191002,1.0329005341546313,1.0,
4,ARG,14,-0.691461833332393,1.1856759116478026,0.4289020139417194,1.0,
5,ASP,18,0.19946374760671642,1.180465254052606,0.79663025886901,-1.0,
6,ARG,21,1.012535639441572,-0.8163090285352874,0.6134451245000874,1.0,
7,LYS,33,0.7477695060595294,-0.8910920725546619,0.8453989922032259,1.0,
8,GLU,35,-1.2518394873704264,0.5661515108496652,-0.42458701888222516,-1.0,
9,ARG,45,1.189043138976168,0.65356271658981,-0.4763779603612601,1.0,
10,ASP,48,0.40631816734574866,-0.7424995151129113,1.1625419514677262,-1.0,
11,ASP,52,0.16185487583343675,0.1130133100951879,1.4244068108833154,-1.0,
12,ARG,61,-1.1499391283770752,0.0649084607571268,-0.8610056124846213,1.0,
13,ASP,66,1.1474161936023068,0.6786063469764665,-0.5392896035368696,-1.0,
14,ARG,68,-0.4302299331267611,0.08077373480534897,1.3697742808170414,1.0,
15,ARG,73,1.371127332862847,0.3385613289346054,-0.27072095524165657,1.0,
16,ASP,87,0.641992983099265,-0.7127990633195986,1.0712918729097662,-1.0,
17,LYS,96,-0.6837234511568565,1.2289367017783956,0.30023423745585975,1.0,
18,LYS,97,0.21430275197565332,-0.767049571912444,-1.1973358161790295,1.0,
19,ASP,101,-0.48580946542683695,-1.081066579908006,0.8143635460211879,-1.0,
20,ARG,112,-0.9356421133460864,-0.8823628259096463,-0.6433610581675873,1.0,
21,ARG,114,-0.01810625901836238,-0.819463653386759,-1.1815478221988693,1.0,
22,LYS,116,1.3029416799549074,-0.30681203790737266,-0.5254646743710885,1.0,
23,ASP,119,-0.2326923087345243,-1.3627265800050448,0.3958968673582256,-1.0,
24,ARG,125,-1.2924643809355345,-0.32033221196912215,0.542979622056298,1.0,
25,ARG,128,-1.2912496109239706,-0.5245741406970319,0.3541188856601278,1.0,
26,LEU,129,0.053608627632108906,1.2965046004207241,-0.6197626223900609,-1.0,
