,residue,res_num,x_new_nm,y_new_nm,z_new_nm,q,num
0,LYS,1,-0.31785146516609486,1.1848488614673298,-0.7503381861213277,2.0,
1,ARG,5,-0.30716576212625546,1.3248780420112967,-0.467173565555902,1.0,
2,GLU,7,-1.1390154796235472,0.862975439353854,-0.16068883044713717,-1.0,
3,LYS,13,0.827263085850278,-1.0703957272882203,-0.4876397704998048,1.0,
4,ARG,14,1.0195749930451241,0.41832648149439683,-0.9237822039951075,1.0,
5,ASP,18,0.7300768125164486,0.9922608027854827,-0.7418289014738081,-1.0,
6,ARG,21,1.135029432914378,-0.19169081473370472,-0.8618970877925617,1.0,
7,LYS,33,1.0698375620243783,0.28491694301786624,0.9177002225365282,1.0,
8,GLU,35,-0.8860739395137426,0.8864646229380707,-0.7049519260023096,-1.0,
9,ARG,45,-0.547177748784752,0.06175835381046989,-1.3284149159618681,1.0,
10,ASP,48,-0.8008495192703381,-1.1925922693294968,-0.06532609433063004,-1.0,
11,ASP,52,0.2257381839453236,0.48418441940574136,-1.3351072961729695,-1.0,
12,ARG,61,-0.6451982514281784,0.9820822839542267,-0.8289374981732796,1.0,
13,ASP,66,-0.5593833628150618,0.822086513606009,1.038830009931045,-1.0,
14,ARG,68,1.158794147613316,-0.37294200175035563,0.7655156162796887,1.0,
15,ARG,73,-0.09543448735722135,-1.3635864202573629,0.4465737398158121,1.0,
16,ASP,87,-0.8638140439088781,1.1447450067884721,-0.10624471261741511,-1.0,
17,LYS,96,0.3960156533749911,-0.7214743231603622,-1.179215915463653,1.0,
18,LYS,97,-0.9195840478001231,-1.0001631856509046,0.4711077934832747,1.0,
19,ASP,101,-0.7301363747927633,1.0843735793426323,0.5991148359109754,-1.0,
20,ARG,112,0.9090382441717995,-1.097005188392687,-0.19527636634545054,1.0,
21,ARG,114,-0.05486657758446581,-1.1856653432916784,-0.8118442734673319,1.0,
22,LYS,116,-0.38036652913502467,1.3627132082827136,0.25736702870825073,1.0,
23,ASP,119,-0.25855647411357907,0.5848349474998534,1.288029660317379,-1.0,
24,ARG,125,-0.6213097073346088,-0.792937476984681,1.0262203355739237,1.0,
25,ARG,128,1.3550534129655245,-0.4373124797472374,-0.20122578127146273,1.0,
26,LEU,129,0.03287889314754588,1.399964955966702,-0.3269875722883785,-1.0,
