,residue,res_num,x_new_nm,y_new_nm,z_new_nm,q,num
0,LYS,1,-1.2472967013450202,-0.14982169878219712,0.6997915185027277,2.0,
1,ARG,5,-1.2870104328709546,0.14673663434092893,-0.6244808065938611,1.0,
2,GLU,7,-1.319209045410591,-0.5304113046862571,0.2150700219658827,-1.0,
3,LYS,13,0.5807955850930345,-1.243491143234166,-0.42931344844429464,1.0,
4,ARG,14,-1.1969106748872569,0.796452720230039,-0.031171665974218474,1.0,
5,ASP,18,-0.3397417961886809,1.1091593037910674,-0.8498499412935844,-1.0,
6,ARG,21,-1.0925041938111302,-0.935060326294503,-0.000738021419368068,1.0,
7,LYS,33,-0.7014248618384454,-0.19851161706889756,1.2395564017276965,1.0,
8,GLU,35,1.042807590657226,0.9800539088207725,0.14124601464572945,-1.0,
9,ARG,45,-0.8362356220207217,0.9924792086157349,-0.6193535152960757,1.0,
10,ASP,48,0.7581047363422097,-0.1657031846992228,1.210670655172805,-1.0,
11,ASP,52,-1.2841799573602548,0.637016345657978,0.113999054642023,-1.0,
12,ARG,61,-0.04111643583456531,0.536100861660314,1.3337200144002623,1.0,
13,ASP,66,-0.8463130395425477,-1.0186650992114643,0.5603386714561626,-1.0,
14,ARG,68,0.7727026310920079,-0.890737239698898,0.8230562469829034,1.0,
15,ARG,73,-0.32206390627152537,-0.604920407989578,-1.2642190918726681,1.0,
16,ASP,87,1.1351290334129926,-0.4526865413722585,-0.7579318866123871,-1.0,
17,LYS,96,0.35528900110591766,-1.0405885219605198,0.926741077991952,1.0,
18,LYS,97,-1.3474228402375117,0.004540495514037757,-0.5023294192930268,1.0,
19,ASP,101,-0.6132730207253276,-0.8231413210004557,-1.0070940073759562,-1.0,
20,ARG,112,0.532046169162131,0.059334712059561166,1.3346572735369988,1.0,
21,ARG,114,-0.4658123660047326,1.3374723216753883,-0.24917945422892465,1.0,
22,LYS,116,1.3183980895854484,0.5391164670670724,-0.19769593899486945,1.0,
23,ASP,119,1.2150263297644794,0.7264932396725076,0.2526308822565201,-1.0,
24,ARG,125,-0.029240538275914933,-1.4102335403562274,0.27980372505772766,1.0,
25,ARG,128,-0.9812890928435513,-0.5909702949286201,0.8693270953782385,1.0,
26,LEU,129,-0.3836498906275184,1.0684110159624831,-0.8827312356385794,-1.0,
