,residue,res_num,x_new_nm,y_new_nm,z_new_nm,q,num
0,LYS,1,0.8529831430785658,0.16228830588435728,-1.1462922992751463,2.0,
1,ARG,5,-0.6029425331961846,-1.0202498887704738,0.8145270026876389,1.0,
2,GLU,7,1.3570917655162893,-0.021480549012049526,-0.47512556020753777,-1.0,
3,LYS,13,0.33416035065813376,1.3585761856880045,0.3324325190320135,1.0,
4,ARG,14,-0.09452685123367775,1.2138956531137828,-0.7651312238615113,1.0,
5,ASP,18,0.08855552458698807,0.6791954089742894,1.2644189525129226,-1.0,
6,ARG,21,0.6674519593965423,-1.2196383365433736,0.3672791607373533,1.0,
7,LYS,33,0.9122794636501825,1.090731808487418,-0.21436901393719865,1.0,
8,GLU,35,1.3813663728408405,0.3142105784639671,0.24698669669920387,-1.0,
9,ARG,45,-0.917013295134576,-0.32122081699164773,1.0600979083359003,1.0,
10,ASP,48,-0.11599941281048334,0.9002080448594005,1.115380376453945,-1.0,
11,ASP,52,-0.15516339513089478,-1.354064749437551,-0.45862484355143784,-1.0,
12,ARG,61,0.19403602914676293,1.4078366357829115,-0.2196583672909263,1.0,
13,ASP,66,0.015062550735032841,-1.4355889890132432,0.0822261890749753,-1.0,
14,ARG,68,-0.5875679465641417,-0.9269095225749934,-0.929250459838843,1.0,
15,ARG,73,0.557869977204563,-0.898028075863336,0.9747976382180458,1.0,
16,ASP,87,0.7793490951686736,-0.15396685988444386,1.1986713335596204,-1.0,
17,LYS,96,-0.4971389327253009,1.163755384501518,-0.6829568497298919,1.0,
18,LYS,97,-0.3720877981111996,-1.3881504486748149,-0.04992769092572005,1.0,
19,ASP,101,0.3201265391701563,0.06842221430033055,1.4002646790838091,-1.0,
20,ARG,112,1.233338173650898,-0.22827446182286867,-0.703328864383833,1.0,
21,ARG,114,0.37134938897664066,1.366141700738121,-0.25230984283522423,1.0,
22,LYS,116,0.41826407985696834,-0.313713359743356,-1.3396054864774347,1.0,
23,ASP,119,0.8260678245784671,1.039110883752347,-0.5529595757775789,-1.0,
24,ARG,125,-1.2531494490532422,0.46578838129972006,0.5296804830879154,1.0,
25,ARG,128,-0.8880993378771823,-0.47892535025601124,-1.0246042391698233,1.0,
26,LEU,129,-0.3675891821991667,-1.3085246748231638,0.46962233815012105,-1.0,
