,residue,res_num,x_new_nm,y_new_nm,z_new_nm,q,num
0,LYS,1,0.7338022570806804,0.022891812684204628,-1.2364926139673604,2.0,
1,ARG,5,0.6643518997131361,-0.11355360950476223,1.270293628692395,1.0,
2,GLU,7,-1.049038832462529,-0.6283081858862013,-0.7567364954292545,-1.0,
3,LYS,13,0.9489109541763523,0.48990570593736354,0.9630494132258446,1.0,
4,ARG,14,-0.4376904847889202,-0.2642396057819925,1.3440640766875374,1.0,
5,ASP,18,-0.42806953480482535,1.3180047652176257,-0.38408812037879664,-1.0,
6,ARG,21,0.9395957709530176,-0.41025247230328044,1.0083434276856056,1.0,
7,LYS,33,1.0201927047485129,1.0109901332564886,-0.07077829905024785,1.0,
8,GLU,35,-0.7133567694788581,-0.9453605260779098,0.8156711145755318,-1.0,
9,ARG,45,-0.45907764171206894,-0.6739998705144516,1.1844305236724917,1.0,
10,ASP,48,-1.0562197654228347,0.24248242977973458,0.9452543839405101,-1.0,
11,ASP,52,-1.3306831961936643,-0.1382265776412851,0.5273323587472108,-1.0,
12,ARG,61,-0.6615702372395805,-1.2155555969168967,-0.3907085665598817,1.0,
13,ASP,66,-0.1880781874340288,0.5544387111342666,-1.3134413131114038,-1.0,
14,ARG,68,-0.8668347286391944,1.1448457629764424,-0.07635118990825548,1.0,
15,ARG,73,0.9776670967655892,0.8504805722781765,-0.6235010954760501,1.0,
16,ASP,87,-1.048642939668283,-0.9672008003079753,-0.18103692702865512,-1.0,
17,LYS,96,-0.6543615508780033,-0.982605697794712,-0.8210972995780748,1.0,
18,LYS,97,0.4522915578321056,-0.9198375347859876,-1.0085806999408373,1.0,
19,ASP,101,1.0926135661856518,0.0647543792983757,0.9326876418872824,-1.0,
20,ARG,112,-0.21020698056999523,-1.0561852348177005,-0.9529897937822995,1.0,
21,ARG,114,0.8980711143659247,-1.1147503849191271,-0.13676119641444182,1.0,
22,LYS,116,-1.2870930283408302,0.3815365044335469,0.5154854063516893,1.0,
23,ASP,119,-0.6924604343036637,-0.9639577556401366,0.8119037900180769,-1.0,
24,ARG,125,0.17993947462026047,1.0728912862239004,-0.9404413035371821,1.0,
25,ARG,128,1.1462912472594877,0.8667492294357684,0.0516325644268735,1.0,
26,LEU,129,-0.4332192806343347,-1.2017162335780613,-0.6603808907154515,-1.0,
