,residue,res_num,x_new_nm,y_new_nm,z_new_nm,q,num
0,LYS,1,0.13328339315383517,1.3463638491049994,-0.48728194601593416,2.0,
1,ARG,5,0.27352843388485987,-0.33627184000546145,-1.3711335520132029,1.0,
2,GLU,7,-0.7849993365765794,-0.4496779877555136,-1.1177967261013908,-1.0,
3,LYS,13,0.25803880811086577,-1.0076539770757644,-0.9929517651792679,1.0,
4,ARG,14,-0.13078146113360867,-0.018803753963710937,1.431937987568294,1.0,
5,ASP,18,0.8783264058205854,-1.0286608641368318,-0.48816321390705336,-1.0,
6,ARG,21,-1.0344437412807284,0.9154748543810484,-0.3996694998390959,1.0,
7,LYS,33,0.7332502550860966,1.2033441588187346,-0.28672403253566237,1.0,
8,GLU,35,0.454263171930333,-0.412371551336776,-1.3005761977894255,-1.0,
9,ARG,45,-0.25060399419019697,-1.1131528877425554,-0.8752097226304302,1.0,
10,ASP,48,1.4236675500574623,0.09046138196810403,0.1813593594670798,-1.0,
11,ASP,52,-0.277634927199848,-0.5607378095550185,1.294757015086105,-1.0,
12,ARG,61,-0.925989609788911,-0.9650356780154418,-0.5283494626672407,1.0,
13,ASP,66,-0.5550202541935815,1.3119635552972106,-0.19648897930240364,-1.0,
14,ARG,68,-1.414833565812207,-0.2372811767519233,0.09923404753834783,1.0,
15,ARG,73,0.24048167136059886,-0.007285156700167394,1.4177514818232326,1.0,
16,ASP,87,0.9646940980844557,0.9231630141285929,0.5338905491264427,-1.0,
17,LYS,96,-0.24519438152820636,-0.8681440997461681,1.1198702198573818,1.0,
18,LYS,97,1.1438709888707868,-0.09959202357738928,-0.8657623008886646,1.0,
19,ASP,101,1.0557659794306573,-0.9069122033273687,-0.36162442411046786,-1.0,
20,ARG,112,-1.4262789034618197,-0.17986945115834063,0.035766493541464,1.0,
21,ARG,114,1.3719342244573343,0.3495010674999981,-0.25208978471869914,1.0,
22,LYS,116,0.09864279971881403,-0.7485889761329264,1.2238414582193218,1.0,
23,ASP,119,0.534571654074104,-0.26755550388364213,-1.307880335115775,-1.0,
24,ARG,125,0.5538415311163059,-0.23995851943918783,1.3052138672799198,1.0,
25,ARG,128,0.11546224132440491,-1.4309819395591854,0.08284281178401648,1.0,
26,LEU,129,-0.3516056323706965,-1.2642114807710474,-0.5882572423288838,-1.0,
