,residue,res_num,x_new_nm,y_new_nm,z_new_nm,q,num
0,LYS,1,0.4861711964893648,1.2834335261098124,-0.4293480217049314,2.0,
1,ARG,5,-0.9499716411140959,0.5353548439676821,0.9374715164205445,1.0,
2,GLU,7,0.9761833514512366,-0.7329173668511973,-0.7601328631876428,-1.0,
3,LYS,13,0.6103899557449702,-1.1812343480641092,-0.547734688384548,1.0,
4,ARG,14,0.6391155696460185,0.7578659029727862,-1.0416690135200308,1.0,
5,ASP,18,-0.8059247854051915,-1.1426684751720362,-0.335704882446049,-1.0,
6,ARG,21,1.1915246666554298,-0.6557611651171581,-0.46706534345459616,1.0,
7,LYS,33,-0.3720915268932913,1.046859767894851,-0.9129820885197385,1.0,
8,GLU,35,0.2948519290651686,-0.7933882510514942,1.1625408358421243,-1.0,
9,ARG,45,-0.056329119424875784,1.2687575293446438,0.6745258586715549,1.0,
10,ASP,48,0.7328608881791736,-0.16335312367756954,-1.226431591056965,-1.0,
11,ASP,52,-0.3514874651572211,-1.3936856539754656,-0.04472842184601145,-1.0,
12,ARG,61,-1.0621427017083742,-0.04274339388114368,-0.9684676842660586,1.0,
13,ASP,66,0.22480054082061476,-0.12414232433603763,1.4149053580136413,-1.0,
14,ARG,68,-0.48814811009542397,0.03684368186698057,-1.3521308138258132,1.0,
15,ARG,73,0.014902861934298892,-0.5338253327296207,-1.3351824560047147,1.0,
16,ASP,87,-1.2965284098884604,0.6206600283412556,-0.04121872817103468,-1.0,
17,LYS,96,-1.249989383691342,0.010706946538226693,0.7108555928845686,1.0,
18,LYS,97,-0.21855292404089757,-1.388117083431759,-0.3054003177119919,1.0,
19,ASP,101,-0.943397291085336,-1.0670935545001237,-0.19803199008656705,-1.0,
20,ARG,112,-1.0107415476657595,-0.9347323749951152,0.4154283126349501,1.0,
21,ARG,114,0.022478882347263262,0.9172601414713726,-1.1072634305786682,1.0,
22,LYS,116,-1.4294300096086752,0.15355424711068644,-0.0324763422342888,1.0,
23,ASP,119,-0.04327078154248328,-1.3925398488242133,-0.3561799838309913,-1.0,
24,ARG,125,-0.5224019664177757,1.3354907438354402,0.10707208129671093,1.0,
25,ARG,128,-0.9670632990524122,0.8373568391415294,0.6569062882552402,1.0,
26,LEU,129,-1.3248826247359564,0.42028956797498174,0.36870921022490183,-1.0,
