,residue,res_num,x_new_nm,y_new_nm,z_new_nm,q,num
0,LYS,1,0.8937902745948063,-0.5486931087411486,0.9838590292517624,2.0,
1,ARG,5,-1.3340194173926299,-0.49790999818223947,0.20095173477752157,1.0,
2,GLU,7,0.8262065014516643,-0.9868310874072955,-0.6414444589097646,-1.0,
3,LYS,13,-0.7326520399082391,1.0906678896588295,0.58443846114536,1.0,
4,ARG,14,0.6746799616674073,-0.5508000735704015,1.1442595860467202,1.0,
5,ASP,18,1.1232092988388442,-0.11793418485108484,0.8901663726663501,-1.0,
6,ARG,21,-0.4774807799093384,0.27198442464073574,-1.3288868836550847,1.0,
7,LYS,33,-0.5763320235349636,-0.45997181429513306,1.2345732463821832,1.0,
8,GLU,35,0.564650334313273,0.7805778154053251,1.0676010706427117,-1.0,
9,ARG,45,-0.6825235689195237,-1.2605732088137778,-0.1141075592184712,1.0,
10,ASP,48,-0.9130119775472995,0.16581049183450988,-1.0985534951167706,-1.0,
11,ASP,52,-1.0439932749905054,0.7384402719909523,0.6577900717227586,-1.0,
12,ARG,61,-0.9209772403175721,-1.0913930239682201,0.16901467992762814,1.0,
13,ASP,66,-0.8229812325999698,-0.6452287178580381,-0.9870590480918614,-1.0,
14,ARG,68,0.5911227987895965,-0.1742167077889237,1.2992790875939042,1.0,
15,ARG,73,1.1533431521462238,-0.8357347642322163,-0.1981180184426432,1.0,
16,ASP,87,0.9597816696227257,0.5726429326541759,0.9048773344039196,-1.0,
17,LYS,96,0.9187089596937839,-0.2480056106181316,1.0781330328214596,1.0,
18,LYS,97,0.3479553285191828,1.3141766870973126,0.4687968605116131,1.0,
19,ASP,101,-0.5742467652747096,-0.30604979559404605,-1.2823720003060268,-1.0,
20,ARG,112,1.301807384020608,0.40802133147785297,-0.4546646016009676,1.0,
21,ARG,114,-0.10171404220919891,-1.4310715912613874,0.09793940107316944,1.0,
22,LYS,116,-0.9810181639984068,0.17888995606479516,1.0361011135525509,1.0,
23,ASP,119,-0.8214906678818763,-1.1456445693826027,-0.2838227883867763,-1.0,
24,ARG,125,-0.026861075940587547,-0.4013227251918082,1.3806238897050997,1.0,
25,ARG,128,-0.8392070662199097,0.01223799988380648,-1.1676838199383945,1.0,
26,LEU,129,-1.2099728107435996,0.7769742044758056,-0.013440789445844863,-1.0,
