,residue,res_num,x_new_nm,y_new_nm,z_new_nm,q,num
0,LYS,1,0.025045835937402335,-1.3101798487630778,-0.5922037166194255,2.0,
1,ARG,5,0.509674163888226,-0.808913084598404,1.0741487979841704,1.0,
2,GLU,7,-1.3317173310770696,-0.2596362218182194,0.4764679993550795,-1.0,
3,LYS,13,-1.1637385144991972,-0.47060046713685855,-0.7015352038082463,1.0,
4,ARG,14,-1.2303787992157003,0.6482821372579414,0.36578962934084397,1.0,
5,ASP,18,1.2311499758052187,-0.697881527557908,-0.2552153650326641,-1.0,
6,ARG,21,0.19366886488269097,0.3609765401732707,-1.378438275803487,1.0,
7,LYS,33,0.1701631203754026,0.9370436233389245,-1.0774495498186778,1.0,
8,GLU,35,-1.1666994585764237,0.5583131823979898,-0.6284922717890921,-1.0,
9,ARG,45,-1.2296338671344194,-0.2655514968389285,0.6966970125550725,1.0,
10,ASP,48,1.2146620206360117,0.16991140891318682,-0.7507529958155893,-1.0,
11,ASP,52,0.9147625242733834,-0.9249975503678871,0.6127746959355463,-1.0,
12,ARG,61,1.1005850943703521,0.9237299299269444,0.0577861452899476,1.0,
13,ASP,66,0.30008182527354604,-0.4650078486826827,-1.3272612292930526,-1.0,
14,ARG,68,0.28084791727279435,-0.7091049978412965,1.2190973387636173,1.0,
15,ARG,73,0.07099440518742843,0.1182533968028858,1.431390827327452,1.0,
16,ASP,87,0.6184940792549809,1.2762352607917473,0.23789158248844966,-1.0,
17,LYS,96,0.5657930390372556,-1.1628582565994807,-0.6289218425336396,1.0,
18,LYS,97,-0.07802874772994885,-0.09478669849690498,1.432770312470306,1.0,
19,ASP,101,0.971252405953709,1.0144949890134536,-0.30882430794260546,-1.0,
20,ARG,112,-0.9463819610497315,0.9063022113340563,0.5923523086062626,1.0,
21,ARG,114,0.5364979344491185,0.37321875049714504,1.2809299366435638,1.0,
22,LYS,116,-0.47805997357706026,-1.346074377909087,0.1656689553919814,1.0,
23,ASP,119,-0.024996919447443016,1.4152244026783927,-0.25380862093756784,-1.0,
24,ARG,125,1.1897673953535062,-0.19442837429497076,-0.7839355357446515,1.0,
25,ARG,128,0.41049174349386985,-1.2871117888997943,0.4926901088707173,1.0,
26,LEU,129,0.3625869068958467,1.2555655465217137,-0.5999913877013888,-1.0,
