,residue,res_num,x_new_nm,y_new_nm,z_new_nm,q,num
0,LYS,1,-0.8696285732213431,-0.27804976807911475,-1.111007760138815,2.0,
1,ARG,5,-0.9855148505476452,-0.5044664868329924,-0.9177024653954766,1.0,
2,GLU,7,-0.6639171894358445,0.005717908004635258,-1.27557243741003,-1.0,
3,LYS,13,0.9720239373511419,-0.3584080850667406,-0.9973048088501733,1.0,
4,ARG,14,-1.4331286332716233,0.04097409690110362,0.11120798469828158,1.0,
5,ASP,18,-1.0530335972484606,-0.5208598673940622,-0.8292942864777931,-1.0,
6,ARG,21,0.7922895495456197,-0.36336183350643736,-1.1437435112874497,1.0,
7,LYS,33,0.7819959667152937,-0.6981121122859466,-0.984390958258543,1.0,
8,GLU,35,0.29720742323629157,1.3931642189790974,-0.19663412346312367,-1.0,
9,ARG,45,0.5303439772706112,0.5688941504886611,1.209544742162554,1.0,
10,ASP,48,-0.040005476773747085,-1.4006861285505845,0.3230815734370899,-1.0,
11,ASP,52,0.4941059195698705,0.1689976553484769,-1.3398518219240645,-1.0,
12,ARG,61,1.259978706352417,0.46561154243714986,-0.5133841866168972,1.0,
13,ASP,66,0.908529398830459,-0.41413640642589167,-1.0348763889054184,-1.0,
14,ARG,68,-0.5807170243089795,0.9137714073320589,-0.9464107590262368,1.0,
15,ARG,73,0.8905975851545076,-0.8550678531627391,-0.737291448333106,1.0,
16,ASP,87,-0.4667051835422261,0.10222980463918482,-1.3563329645329558,-1.0,
17,LYS,96,1.2702396173496646,0.6654359066948529,0.10765751519091796,1.0,
18,LYS,97,-1.2257041648614735,-0.7407744940960753,0.12963881023230292,1.0,
19,ASP,101,-1.4021128408297627,-0.31530095262249214,-0.05068197742932635,-1.0,
20,ARG,112,0.48047069489650757,0.8647814912364199,1.0436496805638789,1.0,
21,ARG,114,-1.054947914421851,0.9445435244561039,-0.25065155145247636,1.0,
22,LYS,116,-0.03153707479075973,0.0732782757403478,-1.4358062122719308,1.0,
23,ASP,119,-1.2934844193104005,0.5015928132216162,-0.3784263187281854,-1.0,
24,ARG,125,1.2699590215650207,-0.4556014905629,-0.4975290316383399,1.0,
25,ARG,128,-0.15855041084355403,-1.4188566559115663,0.17207942694375875,1.0,
26,LEU,129,1.101575500512893,0.9062481958121036,-0.1820697565154128,-1.0,
