,residue,res_num,x_new_nm,y_new_nm,z_new_nm,q,num
0,LYS,1,-0.09026574010772849,-1.430305925059386,-0.1182405551548368,2.0,
1,ARG,5,-0.47501155685922286,-0.05998374110801376,1.3559755689662587,1.0,
2,GLU,7,0.7938743809651625,0.9416861137761502,0.7422226770645429,-1.0,
3,LYS,13,-1.4212601924114014,-0.20264220990501253,0.08282132703612147,1.0,
4,ARG,14,-0.06588591659343897,-0.699518722380928,1.254685767438884,1.0,
5,ASP,18,-1.0088974289793193,0.9875231238123152,0.2735467596506873,-1.0,
6,ARG,21,-1.2531179064126745,0.285066088405111,0.6452415128072819,1.0,
7,LYS,33,-0.5207722910081143,0.42155971444496815,-1.2723943571297942,1.0,
8,GLU,35,0.5009661764593712,-0.3382605854604887,1.3048051342434666,-1.0,
9,ARG,45,-1.1608875677403745,0.20588585072601417,-0.8233194055269,1.0,
10,ASP,48,0.06856900248714325,0.10613791196260555,1.4324583091743512,-1.0,
11,ASP,52,-1.1085114322378804,0.7974420828740697,0.4507685670495384,-1.0,
12,ARG,61,-0.9304920621984728,-0.4896380558911685,0.9809907585646542,1.0,
13,ASP,66,0.9318176810006862,-0.8458893622553068,-0.6957663172203142,-1.0,
14,ARG,68,-0.19043838923358827,-1.3973442181752742,0.2811869979546589,1.0,
15,ARG,73,1.0005921506183608,-0.02516023833242497,-1.0325144466342755,1.0,
16,ASP,87,-1.3987178168164245,-0.33389155257324016,-0.0029448295420549733,-1.0,
17,LYS,96,0.21693788920482518,1.3683392118312319,-0.38534338656961964,1.0,
18,LYS,97,-0.2640755621276065,-1.1781888797167117,0.7810498275906435,1.0,
19,ASP,101,0.8836603484220766,-0.5786861979565263,-0.9757922139993225,-1.0,
20,ARG,112,0.6907577945621737,-0.6868162512153796,-1.057847284960622,1.0,
21,ARG,114,-0.28462699373607464,-1.2909825275241444,0.565911088462349,1.0,
22,LYS,116,-0.31468766102315465,-0.21097465884402028,1.3872148864923308,1.0,
23,ASP,119,0.9624289061362279,-0.23634849961218055,-1.042004682976521,-1.0,
24,ARG,125,0.9984268016687248,1.00669100165433,-0.24004358120613853,1.0,
25,ARG,128,-0.39344527868850226,0.21645761982889342,1.3661078593860159,1.0,
26,LEU,129,-0.5199052746435142,-1.1804890055297887,0.6356476895274992,-1.0,
