,residue,res_num,x_new_nm,y_new_nm,z_new_nm,q,num
0,LYS,1,-0.3615759832138908,-0.06386949670337112,1.3903550869235786,2.0,
1,ARG,5,0.9455423233701262,-0.9942802986125381,-0.43041860378855745,1.0,
2,GLU,7,-0.8542472380310447,-1.1242364505922253,0.2725029017398385,-1.0,
3,LYS,13,0.284051807969866,-1.3768724988711443,0.3023912436263432,1.0,
4,ARG,14,-1.093718807431715,0.15832720659585725,0.9201170783667721,1.0,
5,ASP,18,0.913881599848606,-1.0688205405699371,0.30057751994193627,-1.0,
6,ARG,21,-1.3990181963773607,-0.16590235557868543,0.2883197298122093,1.0,
7,LYS,33,-0.8266759392809895,-0.10490217164023732,-1.1719668074564062,1.0,
8,GLU,35,1.2356631516777634,-0.6095572182275641,-0.41167990632645196,-1.0,
9,ARG,45,1.2192799846218096,-0.6045895071260726,0.4644691797678261,1.0,
10,ASP,48,-0.6630486358125128,0.1766955671023836,1.2637440227728232,-1.0,
11,ASP,52,0.42509221701528593,0.887806164546642,1.0483322914069353,-1.0,
12,ARG,61,-0.4527956642670996,0.49927245772349294,-1.2702782653262097,1.0,
13,ASP,66,-1.147153885451193,0.8544651790593314,0.14775314835847614,-1.0,
14,ARG,68,-1.1321285189173405,-0.5680788230133411,0.6807901581826161,1.0,
15,ARG,73,-0.5747411023362505,-0.6066446189579189,1.1702814804803237,1.0,
16,ASP,87,0.12034139705434957,1.414745212369384,-0.2278545681205875,-1.0,
17,LYS,96,-0.08776272940548063,-1.1332368991453978,-0.8808947756248355,1.0,
18,LYS,97,0.03649515886656594,-1.4371075446926165,0.03596915827995636,1.0,
19,ASP,101,-0.5439507957649947,0.7922575635329082,-1.0697426124035792,-1.0,
20,ARG,112,0.8021837968952612,0.6504215105824072,1.0006781633227073,1.0,
21,ARG,114,-1.431377301187894,0.09334823960096164,-0.10172954235603375,1.0,
22,LYS,116,1.3215745634171525,-0.43716777361521514,-0.36087225305027787,1.0,
23,ASP,119,1.1343004831214645,0.7843502237776818,-0.40750572073385416,-1.0,
24,ARG,125,0.32206171397917543,0.4544231229124171,-1.325775112804516,1.0,
25,ARG,128,0.2395658793149299,0.43683576227274,-1.3489575524263777,1.0,
26,LEU,129,0.33729862415489303,-0.24031663108580623,1.3770916189372768,-1.0,
