,residue,res_num,x_new_nm,y_new_nm,z_new_nm,q,num
0,LYS,1,0.38563369385883967,1.2162782986119105,-0.6632175559098297,2.0,
1,ARG,5,-0.07587713965823407,0.7388249071543956,-1.2313749178158897,1.0,
2,GLU,7,1.0374757618553678,-0.3444563772582819,-0.9342899013203714,-1.0,
3,LYS,13,-0.7687345773732387,-1.2061807503498052,0.14858976753758768,1.0,
4,ARG,14,-1.1385768492241712,0.09124867568724473,0.8736247532989136,1.0,
5,ASP,18,0.7177114488070881,-1.2273995621474274,0.21513800936152444,-1.0,
6,ARG,21,-0.9068129572410648,-0.5355963858224768,0.9791478662868652,1.0,
7,LYS,33,-0.5587025645486248,1.270115157405487,-0.3775747651474214,1.0,
8,GLU,35,-1.2014159717977726,0.5863173713617451,0.5298446703791333,-1.0,
9,ARG,45,-0.6598867789169054,0.243995028812832,1.254160929428836,1.0,
10,ASP,48,1.2926317534005656,0.19016801751608794,0.6007021285088683,-1.0,
11,ASP,52,-0.9764445415813837,0.5911676594419736,0.8746317097077634,-1.0,
12,ARG,61,-0.6438599527019641,1.1641026073941652,0.5460890520283634,1.0,
13,ASP,66,-0.05663928127004491,-0.9054577410686321,-1.115724895723228,-1.0,
14,ARG,68,-0.776329096380182,1.163778087222821,0.3329226183274841,1.0,
15,ARG,73,0.5829197009934407,1.3083068391338368,0.12822483710206803,1.0,
16,ASP,87,-1.309943987069312,-0.4427214667170538,0.3949028052943665,-1.0,
17,LYS,96,0.8867766161062478,-0.9098631705134433,-0.6735577303029655,1.0,
18,LYS,97,0.5031196512295799,-1.1380736556391942,0.7208070080591422,1.0,
19,ASP,101,1.3794347829212428,-0.4061458827422328,0.01043904109876447,-1.0,
20,ARG,112,0.6389379762584663,0.6670259481762731,1.1021517222845432,1.0,
21,ARG,114,0.4834934374644012,1.1947412477646724,0.6377548265588243,1.0,
22,LYS,116,-1.099897831162527,0.8410535127110275,-0.38827505938563256,1.0,
23,ASP,119,0.9196933673118832,-0.5855949114242872,-0.9376281148819164,-1.0,
24,ARG,125,-0.8420557441659375,0.49215220099900475,-1.0567081464384998,1.0,
25,ARG,128,-1.0002689781193774,-0.42946961584545723,0.9396390756338717,1.0,
26,LEU,129,0.1971810648331141,0.9764649561558048,1.0370822479685142,-1.0,
