,residue,res_num,x_new_nm,y_new_nm,z_new_nm,q,num
0,LYS,1,-1.3353241142275116,-0.05435782291904104,0.5309034837242252,2.0,
1,ARG,5,0.7862838267048277,0.9028964975557318,0.7965170623059562,1.0,
2,GLU,7,1.2387164265793664,0.5827621028336415,-0.44031093332310295,-1.0,
3,LYS,13,-0.41381306426004977,1.3357659633915913,-0.3352488790029688,1.0,
4,ARG,14,0.12360717202822852,0.5676099899128653,1.3154633930120618,1.0,
5,ASP,18,0.9062854534704945,-0.8022431824817722,0.7765026239297609,-1.0,
6,ARG,21,-1.2734021312442518,-0.6677841596067817,-0.02037401043896319,1.0,
7,LYS,33,-0.7493130425186448,0.899028903497373,0.8355721195493949,1.0,
8,GLU,35,-1.081734351607268,0.5396083103454384,-0.7788308134244882,-1.0,
9,ARG,45,1.2487542201321902,-0.676415580424339,0.22578448184442518,1.0,
10,ASP,48,-1.3259835416331105,-0.4051990984983223,-0.3814251038864183,-1.0,
11,ASP,52,0.8066131534726232,-0.15345086834006932,-1.180564197166395,-1.0,
12,ARG,61,-0.043559967804640436,-1.0869933301557682,-0.9404529766991209,1.0,
13,ASP,66,0.990212989044617,-0.05545798773377369,1.0413003504773974,-1.0,
14,ARG,68,1.1414840344055415,-0.8692820134292915,0.09626397200443222,1.0,
15,ARG,73,-0.7747068563623173,-0.19583433335908093,1.1955676361308571,1.0,
16,ASP,87,0.8418266344721265,-0.741944582894458,-0.8993052459467845,-1.0,
17,LYS,96,1.0235554203617667,0.7610480795439453,0.6641113566646977,1.0,
18,LYS,97,-0.330917805237189,-0.9754419795124972,1.0034491131902246,1.0,
19,ASP,101,-0.8969687855058182,1.002629251176123,0.5080210177686839,-1.0,
20,ARG,112,0.5181044470944025,0.9387780152892587,0.9582105154354492,1.0,
21,ARG,114,0.6924990689696522,-0.48818782353398676,1.161904238915505,1.0,
22,LYS,116,1.2523752085146995,-0.3613994353132384,0.6073306819464502,1.0,
23,ASP,119,0.1434557014342995,1.2507678751792193,0.6949129126201063,-1.0,
24,ARG,125,0.5259737359468737,-1.0783859542947731,0.7926784560301516,1.0,
25,ARG,128,-1.32477409837637,-0.3301830551126071,-0.4515047179909488,1.0,
26,LEU,129,-0.5050330000260403,-0.6218430452248552,1.1942180152596433,-1.0,
