,residue,res_num,x_new_nm,y_new_nm,z_new_nm,q,num
0,LYS,1,-0.9471590784707489,-0.13077019445640659,-1.0741008371157619,2.0,
1,ARG,5,0.6868329948001239,-0.7332110413870693,-1.0288662585693475,1.0,
2,GLU,7,0.5888328139692218,-0.2367967243191951,1.2903902512516483,-1.0,
3,LYS,13,-0.26168321646673504,0.9657781407087782,1.0328108486694088,1.0,
4,ARG,14,-0.08851313769122313,-0.6904286234818966,-1.258323294035938,1.0,
5,ASP,18,-0.4253613393590103,1.0549848279739267,-0.8797604876919846,-1.0,
6,ARG,21,-0.13994950779115994,0.2716067635225753,1.4051859924075207,1.0,
7,LYS,33,0.6973955908486389,1.2055440968418762,0.35805948167181406,1.0,
8,GLU,35,-0.5370810651021035,-1.2155703794345258,0.5493963543114373,-1.0,
9,ARG,45,-1.0264506605621377,0.3223582435067826,0.9541425345593173,1.0,
10,ASP,48,0.5158095850090255,-0.8067882848538582,1.0728172758750167,-1.0,
11,ASP,52,-1.1664704723568593,-0.2949505583476943,0.7875624275131807,-1.0,
12,ARG,61,1.0558758616770312,-0.9414148150117133,-0.2583952065823848,1.0,
13,ASP,66,0.7683409801296512,0.8481569248287393,0.8707386181277182,-1.0,
14,ARG,68,-0.08274764233755372,0.6114077534085756,1.2989369340887802,1.0,
15,ARG,73,-1.1406200263860649,-0.4960214977244374,-0.7217010469597256,1.0,
16,ASP,87,0.8478784925806775,0.8440461496451283,-0.797867113665463,-1.0,
17,LYS,96,-1.1742120897814554,0.6841716182857204,-0.4701477820046274,1.0,
18,LYS,97,-0.6718008532719199,-0.027009771800524097,-1.271163977522534,1.0,
19,ASP,101,-0.8559552975659397,-1.1298332898072685,-0.24232424103377298,-1.0,
20,ARG,112,0.7583279063825312,1.2216366883783203,-0.02112723337408036,1.0,
21,ARG,114,0.639141461262573,-0.4475339772663049,1.2079384519369563,1.0,
22,LYS,116,1.116439993757904,0.3568661412213851,-0.833133884539643,1.0,
23,ASP,119,-0.6816491710253946,-1.0797560495201801,-0.6613509304034221,-1.0,
24,ARG,125,-0.22167562391498036,0.24351647160294265,1.3998083503824597,1.0,
25,ARG,128,-0.9182459438216709,-0.9674786193113133,0.5373204628627398,1.0,
26,LEU,129,-0.9417401249434061,1.0861134756662416,0.03724012658785883,-1.0,
