,residue,res_num,x_new_nm,y_new_nm,z_new_nm,q,num
0,LYS,1,-1.3478812327950107,-0.49172530989533797,0.09657211744515806,2.0,
1,ARG,5,-1.2672465096410426,-0.6115626329016576,-0.296616253468168,1.0,
2,GLU,7,0.9955467247297335,0.19517087036283448,1.0191657481598462,-1.0,
3,LYS,13,0.4775892980187436,0.5540271641319665,-1.2380897123400874,1.0,
4,ARG,14,1.4111815768841252,-0.25369702214901235,0.11003703920072935,1.0,
5,ASP,18,-1.3660155206647424,-0.35907176263416735,-0.27013485255022124,-1.0,
6,ARG,21,0.5207169633309601,-1.3368575253303865,0.09782419459113346,1.0,
7,LYS,33,0.5704010522604398,0.18346052662261816,-1.307244677454087,1.0,
8,GLU,35,-0.6963213892423595,-0.601286622684813,-1.1052125099927106,-1.0,
9,ARG,45,0.9565135154528109,-1.0728325004658488,0.04490092071221919,1.0,
10,ASP,48,-1.2975609293641808,-0.552035287576634,0.28195114441734653,-1.0,
11,ASP,52,0.7949476536775067,1.0081866600002576,-0.6477049162162172,-1.0,
12,ARG,61,-0.3116314237345289,1.3073881564603536,0.5113959679826326,1.0,
13,ASP,66,0.844647269771889,0.018768331554215166,-1.163667698004061,-1.0,
14,ARG,68,-0.48481280251572856,1.1653400065604744,0.6890885194276448,1.0,
15,ARG,73,-0.8102748541881195,0.6344430776857658,-1.0044104807435756,1.0,
16,ASP,87,0.24909046243792962,1.2201767718182543,0.7190454498973948,-1.0,
17,LYS,96,0.829755186462423,-1.135859066581845,0.2987210795759723,1.0,
18,LYS,97,0.6253239360933798,0.9692497802394542,-0.858736636248249,1.0,
19,ASP,101,0.37435427680392025,-1.1502556830374266,-0.7776081989403287,-1.0,
20,ARG,112,0.7878799926091262,0.8029073844897933,0.895817292285937,1.0,
21,ARG,114,0.49650517989896875,-1.224974418749968,0.5664133223381804,1.0,
22,LYS,116,0.1181241420433787,-0.4183668339100289,-1.3707369008424335,1.0,
23,ASP,119,1.410534903750945,-0.27577041707889904,-0.04738917961885102,-1.0,
24,ARG,125,0.1417801027724338,-0.7696787724263903,-1.20639825999317,1.0,
25,ARG,128,-0.20182722808061154,0.18968150481822985,-1.411095485328932,1.0,
26,LEU,129,0.8870347080195302,1.1158587661699382,0.18955846779006033,-1.0,
