,residue,res_num,x_new_nm,y_new_nm,z_new_nm,q,num
0,LYS,1,0.15103318107268615,1.3875730321706725,0.34602576578667754,2.0,
1,ARG,5,-0.13058592794334703,0.9625076965312388,1.0603914473069882,1.0,
2,GLU,7,1.2929113696820782,-0.13185483362831563,0.6155471265274226,-1.0,
3,LYS,13,0.9024259968280982,-0.8842104481968158,-0.6868063595577029,1.0,
4,ARG,14,-0.5547080129775404,-1.1916180813403603,-0.583308786614545,1.0,
5,ASP,18,0.17364046673862493,1.4011303470219596,0.2731053110897344,-1.0,
6,ARG,21,-0.870546721692481,1.144504984399095,-0.012669570498100627,1.0,
7,LYS,33,0.7480803431438281,-1.226053640370704,0.07121827796332826,1.0,
8,GLU,35,1.2280862944529036,0.6349831799187492,-0.3956061002786927,-1.0,
9,ARG,45,1.3795426849906172,-0.4040417394355025,-0.03893616652057131,1.0,
10,ASP,48,0.8903278078686552,-1.0403456690463544,0.43920502662514466,-1.0,
11,ASP,52,-0.5863087718916626,0.6221146116622808,-1.1563387072738183,-1.0,
12,ARG,61,1.4210511082222606,0.17830437592009274,-0.1293254396031066,1.0,
13,ASP,66,0.1697909141711162,0.25471050724352257,1.4050613420577727,-1.0,
14,ARG,68,0.6244379984011604,-0.2681558380961874,1.267309514139379,1.0,
15,ARG,73,0.10398300187325134,0.6257327889878329,1.2905618094796703,1.0,
16,ASP,87,-1.3559924111789445,-0.22463639638435673,-0.42276097528635176,-1.0,
17,LYS,96,1.333059983534254,0.3953651043690184,-0.36679870028045974,1.0,
18,LYS,97,0.4246079291150517,0.208035915645395,-1.358062198986009,1.0,
19,ASP,101,-0.7506024440584758,-0.28263136423340207,1.1935741514064024,-1.0,
20,ARG,112,1.3292493500783364,-0.15194341436047912,-0.5271746732623872,1.0,
21,ARG,114,1.1291849184753744,0.27106857548901686,-0.8481550679272173,1.0,
22,LYS,116,0.7372896304587755,0.6323156073798892,1.0604172506434764,1.0,
23,ASP,119,-1.1052455972701138,-0.4012419815563445,-0.8278531354849556,-1.0,
24,ARG,125,-0.46264632927456983,-1.3395985203726917,-0.243593822180626,1.0,
25,ARG,128,0.23691425013295025,-0.14564943493927207,1.4108726562543898,1.0,
26,LEU,129,-0.2216815923058521,0.810477395350342,-1.1669993295796586,-1.0,
