,residue,res_num,x_new_nm,y_new_nm,z_new_nm,q,num
0,LYS,1,0.8491492422470011,-1.141666637455961,0.2084385408024354,2.0,
1,ARG,5,-0.8147491562228788,-0.5014390217616124,1.0736137535768482,1.0,
2,GLU,7,0.4447218694311961,1.367422395609032,0.016799488592918153,-1.0,
3,LYS,13,0.7545606897351524,0.3310657979247344,-1.178531872683711,1.0,
4,ARG,14,0.803161538450768,0.7720736256585672,-0.9092511378581472,1.0,
5,ASP,18,1.1770830762163182,-0.7937054596015183,-0.22893415442955864,-1.0,
6,ARG,21,0.5686824748612961,-1.1954121751195985,0.5616882999867157,1.0,
7,LYS,33,1.0492153587290982,-0.031119884594223123,-0.9828949362827735,1.0,
8,GLU,35,-1.1507735075286312,0.8621305058941301,0.018844021797050556,-1.0,
9,ARG,45,0.3078570034395384,1.4013537744128017,0.09662006185429378,1.0,
10,ASP,48,1.2371686198521403,0.6784063383885217,-0.2776372058423257,-1.0,
11,ASP,52,0.5746793591074445,1.3050347909816993,0.18582680249015363,-1.0,
12,ARG,61,0.641955138119699,0.11048974471751614,-1.2820255024508995,1.0,
13,ASP,66,0.23514317442916308,-1.4084137437904556,0.1702415513381934,-1.0,
14,ARG,68,-1.1621299381927042,0.28491283037088216,-0.7976104674756844,1.0,
15,ARG,73,-0.9372814804288604,0.5871494536613222,-0.9190553397324885,1.0,
16,ASP,87,0.0678780240453875,-1.4363588009035442,-0.01302846495686431,-1.0,
17,LYS,96,-0.09022652748682555,-0.7563856257393373,-1.2196900142630853,1.0,
18,LYS,97,0.07189270714477768,1.4160313097747186,0.23998029164411774,1.0,
19,ASP,101,1.4013809553253567,-0.19027588316749516,-0.2604424664234419,-1.0,
20,ARG,112,-0.21063563283894593,0.6698799457516574,1.2549092638269903,1.0,
21,ARG,114,-0.6759582787591731,1.1927022106627492,0.4341032297019139,1.0,
22,LYS,116,0.5521591674700113,0.20009132943848698,-1.3126261789416163,1.0,
23,ASP,119,-0.3471005280056919,1.0179698865482776,0.954548220636109,-1.0,
24,ARG,125,-1.0142408538385077,1.0010532638855656,0.1926437781229815,1.0,
25,ARG,128,0.6870673908493974,-0.9300210465882074,-0.8549286667990971,1.0,
26,LEU,129,-0.13243045911420967,1.4318738038403516,-0.010166383578582005,-1.0,
