,residue,res_num,x_new_nm,y_new_nm,z_new_nm,q,num
0,LYS,1,-0.5655545602214886,0.8916329589702926,0.9762389450698351,2.0,
1,ARG,5,-0.18619446398818398,0.8823827309317032,-1.1201054011628404,1.0,
2,GLU,7,-0.7628571146422287,0.10142976329215252,1.2147694422147508,-1.0,
3,LYS,13,0.8736628163970451,1.0872499070327508,0.3500067069114005,1.0,
4,ARG,14,0.4860263994374426,0.5675557801722407,-1.228642562921967,1.0,
5,ASP,18,1.0051276325540122,0.5831599971307707,-0.8470812428588602,-1.0,
6,ARG,21,-0.7270454720472148,1.2352062519000675,0.1165082350013696,1.0,
7,LYS,33,-0.032793546820772713,-0.8887085030743455,-1.1300555525418983,1.0,
8,GLU,35,0.4428372514082907,0.9334980396809444,1.000190157248855,-1.0,
9,ARG,45,1.15599283431635,-0.8332665202658083,0.1930058164767793,1.0,
10,ASP,48,-0.604757942613881,-0.09301774639461317,-1.3013528736209863,-1.0,
11,ASP,52,0.23288256111137765,-1.3765479949338437,0.3446521468877357,-1.0,
12,ARG,61,-1.4039972744159852,-0.07086966519584911,-0.3027753556153778,1.0,
13,ASP,66,0.8914277670513346,-0.6063763141632155,0.9516134056076607,-1.0,
14,ARG,68,-0.5924936088279886,-1.287682848927044,0.24233855668800028,1.0,
15,ARG,73,1.0495872345203419,0.6879134668032965,0.7021719670444813,1.0,
16,ASP,87,1.4164232410902782,0.0337466673602059,-0.2459880820728857,-1.0,
17,LYS,96,-0.6447282964740557,0.8714799748910388,0.9448554646452978,1.0,
18,LYS,97,-0.5577966795021053,1.0883559356288353,-0.7564707487394429,1.0,
19,ASP,101,0.6979629538234573,0.3420532321582343,-1.2098558068797474,-1.0,
20,ARG,112,-0.791091756140565,0.5935332964752488,-1.0439328672487356,1.0,
21,ARG,114,0.37152666174626264,-1.3115441974630166,0.457955816311219,1.0,
22,LYS,116,0.5998633058366818,0.20844135492409172,-1.2902015299357699,1.0,
23,ASP,119,1.1481303692613731,-0.6115095002340217,0.6129898516972246,-1.0,
24,ARG,125,-0.579398086098766,-0.2890351138057541,1.2840016872235358,1.0,
25,ARG,128,-0.40509929908163445,1.0285084670188585,-0.9197655479167459,1.0,
26,LEU,129,0.986257234342669,-0.6740604288727235,0.8005266878219456,-1.0,
