,residue,res_num,x_new_nm,y_new_nm,z_new_nm,q,num
0,LYS,1,-0.9061931823645194,0.0878906773391075,1.1131005871229442,2.0,
1,ARG,5,-0.13986172934760402,-0.6087034776614184,-1.2953078958021131,1.0,
2,GLU,7,-0.01097685663061226,1.31299277617733,-0.586372961778734,-1.0,
3,LYS,13,0.5115154073443723,-1.2036721774249393,0.5978537022741696,1.0,
4,ARG,14,1.1280149351188293,0.39951332617342084,-0.7974178204299288,1.0,
5,ASP,18,1.1382691089488373,-0.5080972936719138,-0.7169967557504022,-1.0,
6,ARG,21,-0.29028232650837354,1.4054825867409877,0.09087706677294025,1.0,
7,LYS,33,-1.3064368112829363,0.5802613388295651,0.15627990518649296,1.0,
8,GLU,35,0.45080379012132044,-1.3652247769941235,-0.02900039782663659,-1.0,
9,ARG,45,0.7200854278070654,0.7564778429095057,-0.9884948264039635,1.0,
10,ASP,48,0.2357994999254893,-1.2576633941222684,-0.6561898771699015,-1.0,
11,ASP,52,-1.239554136237398,0.726245364665361,-0.06306334608423447,-1.0,
12,ARG,61,0.5120413703799112,1.322376616917316,-0.2388252290489477,1.0,
13,ASP,66,1.174784915667937,0.7142267941617858,-0.4215023848105265,-1.0,
14,ARG,68,0.24483707642445354,-1.3546304921235095,-0.4158543107840173,1.0,
15,ARG,73,-0.6732802725262089,0.9507527151594524,0.8430105107437678,1.0,
16,ASP,87,0.9233841467306712,-0.2782219960353084,-1.0667042750777294,-1.0,
17,LYS,96,-1.374641279333597,0.4221514085373524,0.007301602736835016,1.0,
18,LYS,97,-0.3510531771321134,-0.6516223592908239,-1.2329045947185917,1.0,
19,ASP,101,1.2299789384181676,-0.41742801443961236,0.6170975901664382,-1.0,
20,ARG,112,-1.397763041906356,0.12503202932772828,0.3138936799353985,1.0,
21,ARG,114,-0.030315889288438255,0.1292423825768082,-1.4318802762043432,1.0,
22,LYS,116,-0.447584850661581,1.2914229635028773,0.44698803426512623,1.0,
23,ASP,119,-0.09135672723625969,0.19603836557928075,-1.4216633495979942,-1.0,
24,ARG,125,-1.2866883097521868,0.19356563424054213,-0.612265719086593,1.0,
25,ARG,128,0.31502974701295305,-1.372038772353147,0.2935466532548598,1.0,
26,LEU,129,-1.0726565820664684,-0.3451054937855297,-0.8934281320223986,-1.0,
