,residue,res_num,x_new_nm,y_new_nm,z_new_nm,q,num
0,LYS,1,-1.2575065759572632,-0.6894850505407201,-0.1057891699825924,2.0,
1,ARG,5,0.6214555925118604,-0.8379237322932486,-0.9897376103675106,1.0,
2,GLU,7,-0.16439902698040976,1.3766539477254334,0.3817075321766382,-1.0,
3,LYS,13,0.655911220547845,1.2052229727375607,-0.43025786306072195,1.0,
4,ARG,14,0.958719238598402,1.0659787828405511,0.11158148616855273,1.0,
5,ASP,18,-1.0803337090613476,0.19939877057972902,-0.9279132391218209,-1.0,
6,ARG,21,0.20441710883697548,0.55644692671962,1.310146646501653,1.0,
7,LYS,33,0.24708754198531188,-1.1843928703902604,-0.7772162164706046,1.0,
8,GLU,35,0.36122414112415735,-0.2189979410436511,1.374576587050813,-1.0,
9,ARG,45,0.39410737455864187,0.5584712118712486,1.2651849883752408,1.0,
10,ASP,48,0.8850338649935955,0.7915389374431138,-0.811224346470463,-1.0,
11,ASP,52,1.245065483367358,-0.6868380329721637,-0.21440436229387136,-1.0,
12,ARG,61,-0.45075807279819224,1.2608607621165406,-0.5243577694119359,1.0,
13,ASP,66,-0.9284737469961029,0.5210182981364566,0.9666334393794332,-1.0,
14,ARG,68,1.0957595323964684,-0.9308576977515842,-0.02680980565759202,1.0,
15,ARG,73,-0.4343081071746231,0.32113527997245195,-1.3327236667741427,1.0,
16,ASP,87,0.11166063797222843,1.3085555559899542,-0.5857627768951883,-1.0,
17,LYS,96,-0.5456341439559175,0.07738259646441342,1.3282315636568889,1.0,
18,LYS,97,-0.7921788999126176,1.1076712005122247,-0.46197497125877607,1.0,
19,ASP,101,0.8665493450372622,0.6471563818932756,0.9477260268510105,-1.0,
20,ARG,112,0.0956246370286633,1.3398569377094003,0.5133644779741092,1.0,
21,ARG,114,0.6777592064247823,-0.01317761690756953,1.268216298783292,1.0,
22,LYS,116,0.7578464010654214,-0.4065120842906646,-1.1525278867334852,1.0,
23,ASP,119,-1.3121795339089952,-0.5617280097853202,0.17478640048213084,-1.0,
24,ARG,125,0.17232201257199728,0.2619038003721331,1.403429832700686,1.0,
25,ARG,128,0.22864460870976108,-0.6204524371082909,1.2769746231522565,1.0,
26,LEU,129,-0.6123403853259758,-0.07983603004207002,1.2986798037955554,-1.0,
