,residue,res_num,x_new_nm,y_new_nm,z_new_nm,q,num
0,LYS,1,-1.2479768672241596,-0.2347595680504655,0.6747928986456784,2.0,
1,ARG,5,1.0105508836659145,0.03896930630667291,-1.0223365769982609,1.0,
2,GLU,7,0.20725383605320594,1.4100589395379624,-0.1915291268993118,-1.0,
3,LYS,13,0.9931403369922037,0.8593318507375959,-0.5857685663531422,1.0,
4,ARG,14,0.2597856007408183,0.6522198483991359,1.2549997940168938,1.0,
5,ASP,18,-0.49304959422242334,-0.16545815357492402,-1.3406824639090293,-1.0,
6,ARG,21,0.6647262515012732,1.2197386199153997,-0.3718608363789431,1.0,
7,LYS,33,0.555800035935521,-1.2795190151711158,0.34902891262776015,1.0,
8,GLU,35,-0.37380511745711886,-0.8951854711559684,1.0615161225222356,-1.0,
9,ARG,45,-1.375964675589536,-0.4025255115213429,-0.11224168603852026,1.0,
10,ASP,48,-0.31947095142662546,-1.3879814182844448,0.1983675015524803,-1.0,
11,ASP,52,0.07475753739205161,-0.6173594037334845,1.296604199131492,-1.0,
12,ARG,61,-0.3720092234444053,-0.16994004406265867,1.3786345748880584,1.0,
13,ASP,66,-0.3161817275268645,1.0033604488328955,-0.9804084337032619,-1.0,
14,ARG,68,1.4365162255682944,-0.0576537831089732,-0.031637745696389476,1.0,
15,ARG,73,-0.30366783104064493,-0.9790284235522814,-1.008559847628444,1.0,
16,ASP,87,-0.28878583802047364,-1.0710205505931494,-0.9151073663491432,-1.0,
17,LYS,96,1.0606356487640192,-0.8803234592838273,-0.4098614394963122,1.0,
18,LYS,97,1.310266628574549,-0.44587265167423523,-0.39025980130340926,1.0,
19,ASP,101,0.012125775553916718,1.1393160343447901,0.8773344353395587,-1.0,
20,ARG,112,-1.4177847832171517,-0.20394159776478474,0.12727099103702244,1.0,
21,ARG,114,-1.3301065883032608,-0.0674182212648762,0.5423790364442984,1.0,
22,LYS,116,0.8817373618933525,0.5882360443089129,-0.9718134351806723,1.0,
23,ASP,119,0.8925840304169002,-0.4915944140118746,-1.0146587863600005,-1.0,
24,ARG,125,-1.12891494139715,-0.8091194811418236,-0.372532538588994,1.0,
25,ARG,128,-1.2891244312262296,-0.5230822210039445,0.3639326350655243,1.0,
26,LEU,129,0.03213007111251412,-0.3130055623609248,1.4031745965637816,-1.0,
