,residue,res_num,x_new_nm,y_new_nm,z_new_nm,q,num
0,LYS,1,-0.5311862649089434,0.9152124781949545,-0.9737202081238946,2.0,
1,ARG,5,1.1788069715142608,0.2144011174516537,-0.7952044119126629,1.0,
2,GLU,7,0.8365550027481006,1.0217644405478243,-0.569277548643561,-1.0,
3,LYS,13,0.6821898120901106,-1.2230193813082744,0.3267176536480546,1.0,
4,ARG,14,1.3749008443921422,0.3148547997917794,0.28003195374520706,1.0,
5,ASP,18,0.5283650971877406,1.1685766880514667,0.650509508152617,-1.0,
6,ARG,21,0.07300025848462233,1.4260201738920029,-0.17041478191373363,1.0,
7,LYS,33,-0.5518603434748076,-1.0129028004793894,0.8587094095567969,1.0,
8,GLU,35,-0.6370478577510535,-1.2210832538667613,0.4135571133972451,-1.0,
9,ARG,45,-1.0732697422305224,0.3277188796628499,0.8992197552909189,1.0,
10,ASP,48,0.5124120690787494,1.2354134671091432,0.5282908372556788,-1.0,
11,ASP,52,0.3665978238667413,-1.3756628446873806,0.20263648551852378,-1.0,
12,ARG,61,0.9714649821224385,-1.0561761784443329,0.09301312045663618,1.0,
13,ASP,66,-1.3474661610552705,-0.32905238104645895,0.37942489022088827,-1.0,
14,ARG,68,0.6662920500402661,0.13968019582506683,-1.266668117119838,1.0,
15,ARG,73,-1.4130955928037159,0.1614355739891316,-0.21213951312761045,1.0,
16,ASP,87,1.094426022312672,-0.7684618503309298,-0.5287739008795075,-1.0,
17,LYS,96,-0.6737253370227941,1.2692054424805392,-0.05581654783132523,1.0,
18,LYS,97,1.338001479474524,0.2443439847350967,0.46685311397511814,1.0,
19,ASP,101,-1.0589771878066603,0.9705547928409554,0.06704089631749446,-1.0,
20,ARG,112,-1.1948312260379048,-0.2418040790944976,-0.7627666095199266,1.0,
21,ARG,114,-0.870376576893478,-0.5905161521325502,0.9806319699287107,1.0,
22,LYS,116,-0.38557737248505847,-1.1569488452937695,0.7620388646135031,1.0,
23,ASP,119,1.0101588735333678,-0.535086024738126,0.8724481465005538,-1.0,
24,ARG,125,0.542586326774507,1.3305246415361058,0.05663945835784437,1.0,
25,ARG,128,0.6898114784901416,-0.851163381161947,0.9314423195736344,1.0,
26,LEU,129,1.0950893985900019,0.3367850910533898,0.8690562602734376,-1.0,
