,residue,res_num,x_new_nm,y_new_nm,z_new_nm,q,num
0,LYS,1,-0.5943928019201504,-0.5042021814424035,-1.2084622994676912,2.0,
1,ARG,5,-0.32225992516713575,-1.39560401928727,-0.12783479166875397,1.0,
2,GLU,7,0.3253556656331662,0.398177324959251,1.342945375176965,-1.0,
3,LYS,13,0.3083017322393099,-0.7222136395730461,1.2046830590215005,1.0,
4,ARG,14,0.8626232192331942,1.0957548331181999,0.3508650728105766,1.0,
5,ASP,18,1.1717782741848184,-0.5633672195810495,-0.61437514926181,-1.0,
6,ARG,21,-0.8840448575907719,1.1326467711500123,-0.058989435929397725,1.0,
7,LYS,33,-1.0346612049131567,0.7665752178099787,-0.6401112391356238,1.0,
8,GLU,35,0.476654501086542,1.030739599612999,-0.882201868261499,-1.0,
9,ARG,45,-0.9677092907524535,0.1926259313675743,-1.0461059942169642,1.0,
10,ASP,48,1.2702710868519178,0.3666777603278757,0.5655639291622885,-1.0,
11,ASP,52,1.0995998474216546,-0.1340918230083271,0.916953286996171,-1.0,
12,ARG,61,-0.8474479076701329,-0.004655660434970185,-1.1617719830465585,1.0,
13,ASP,66,-0.797948905286962,-0.007130535842073011,1.196298655014896,-1.0,
14,ARG,68,-1.1387148874758806,-0.21972688447281188,-0.850266001473168,1.0,
15,ARG,73,-1.0363166342137742,0.16959120555917337,0.9824410560584925,1.0,
16,ASP,87,0.4004723067955155,0.9798571353273197,0.9733476757143473,-1.0,
17,LYS,96,-0.020217079428670383,1.2569025468649202,0.6983487877589231,1.0,
18,LYS,97,-0.8172094194182042,1.0768743914628156,-0.49032038689642204,1.0,
19,ASP,101,-0.46987490879716715,1.1814589468388046,0.6717708679288658,-1.0,
20,ARG,112,0.18376776872103454,0.8963773055180175,-1.1093425554408594,1.0,
21,ARG,114,-0.6694646387677824,-1.2700662169694803,0.08156392543803156,1.0,
22,LYS,116,1.3098654435584383,0.5274527884927166,-0.27193721272238325,1.0,
23,ASP,119,0.36936566558199724,-0.5074077367421154,1.2938354477150167,-1.0,
24,ARG,125,0.42832070099214853,0.4027672311432947,1.3123352112167317,1.0,
25,ARG,128,0.5050798956793384,-0.5613571833754329,-1.2237958096160708,1.0,
26,LEU,129,-0.34319233502228175,0.48623180372358793,1.309084193705724,-1.0,
