,residue,res_num,x_new_nm,y_new_nm,z_new_nm,q,num
0,LYS,1,-1.004450945891395,0.312051277097619,-0.9806151486389203,2.0,
1,ARG,5,-0.09995512760403163,-0.08577663683040056,1.4319759470815956,1.0,
2,GLU,7,-0.24487668388498365,-0.5317781364798456,1.3134501114362973,-1.0,
3,LYS,13,0.30599526577062264,-0.4572589266792841,-1.328602628056478,1.0,
4,ARG,14,0.16271784428152486,-0.17443536703141913,-1.418096956438978,1.0,
5,ASP,18,-0.18389234267855567,-0.9423880498637983,1.0705102249668637,-1.0,
6,ARG,21,0.23073557336718312,1.4033912236869754,0.21250397747288446,1.0,
7,LYS,33,0.20599738694736053,-1.233142048568619,0.7105135724272648,1.0,
8,GLU,35,-0.7884210000416773,-0.6736222889642142,0.9962575522847491,-1.0,
9,ARG,45,0.17249702424352195,0.8430952339357203,-1.1521019812162934,1.0,
10,ASP,48,0.7784777539158731,-0.8052846863106564,-0.9018828818822044,-1.0,
11,ASP,52,-1.4248265623929732,0.17886513961572797,-0.07602829019631174,-1.0,
12,ARG,61,0.6124540253097327,-0.336755906691108,1.2567415399242043,1.0,
13,ASP,66,-0.7293053634125961,-0.7305033795667845,-1.0011904271014744,-1.0,
14,ARG,68,-0.7867761920205392,-1.179039986957112,0.24238750959226144,1.0,
15,ARG,73,-0.1611258607234362,-1.1315016234355202,-0.8727234986806642,1.0,
16,ASP,87,-1.347577708374932,-0.07008138907436176,0.4970177972435993,-1.0,
17,LYS,96,0.6514706228179119,1.2585058237768925,0.24423941349706962,1.0,
18,LYS,97,0.4508054158720545,-0.24487477103463554,1.34339666350325,1.0,
19,ASP,101,1.3663601345890213,0.4199394077829051,-0.1568905617853407,-1.0,
20,ARG,112,-1.378816127637931,-0.3953510875969076,-0.10231019344125997,1.0,
21,ARG,114,0.6262283497612675,-0.029699856521030778,-1.294163723977154,1.0,
22,LYS,116,0.6026662434868686,0.689705577005782,1.1086042521969022,1.0,
23,ASP,119,-0.2379743129949226,-1.0084519250308408,-0.9971442790472657,-1.0,
24,ARG,125,0.4400188830102574,-0.5440576269540711,1.2562995077321393,1.0,
25,ARG,128,-0.01911433425767954,-1.432002592082839,-0.13002688366034593,1.0,
26,LEU,129,-0.8445150942571792,0.8985340962818129,0.739820589988761,-1.0,
