,residue,res_num,x_new_nm,y_new_nm,z_new_nm,q,num
0,LYS,1,1.1463117031918908,-0.7452650051086567,0.4454810021383694,2.0,
1,ARG,5,-0.6209529875634937,0.8652773039642989,0.9662382451863261,1.0,
2,GLU,7,1.0000631727216078,-0.36308042852408307,-0.9674451017857627,-1.0,
3,LYS,13,-0.8455134245037769,-0.0044560722180209955,-1.163181397884607,1.0,
4,ARG,14,1.3896765783135308,-0.03348100845018274,-0.36821434211673676,1.0,
5,ASP,18,-0.6286773646159104,0.6536401977930081,1.1159852306501266,-1.0,
6,ARG,21,1.1726270244692842,-0.6828079090749931,-0.4760493595935765,1.0,
7,LYS,33,0.19820422549667635,1.422075621360792,0.07949706980188566,1.0,
8,GLU,35,0.466988134917939,1.3517696484732968,-0.1501488304741316,-1.0,
9,ARG,45,1.0540394755315663,0.7351298990726318,-0.6453592700900083,1.0,
10,ASP,48,0.5959550689655014,-1.2919113122108594,-0.20906096990219167,-1.0,
11,ASP,52,-0.2276525397945999,-0.2783259300698015,1.3923407520274458,-1.0,
12,ARG,61,-0.7893316794573185,-0.30647359951956926,-1.162296521797735,1.0,
13,ASP,66,-0.5610596769434781,-0.2694915409324907,1.296337193886844,-1.0,
14,ARG,68,1.2415188264487946,0.30709030053422975,-0.6574422582033416,1.0,
15,ARG,73,0.056551689465491405,-1.2432003346278186,0.7205266173989574,1.0,
16,ASP,87,0.7423186036679071,0.728398365989157,-0.9931277274617601,-1.0,
17,LYS,96,1.0015005044458212,-0.2090909721164478,1.0105352428068355,1.0,
18,LYS,97,0.06926989532145701,-1.430078625758189,0.134091676595641,1.0,
19,ASP,101,0.6529228387340801,-1.1033643934543351,-0.6512929862182483,-1.0,
20,ARG,112,-1.2752399118305118,-0.5891848175004177,0.30745437073167936,1.0,
21,ARG,114,-0.4950949317957971,0.42737083244436586,-1.2806790980048162,1.0,
22,LYS,116,-1.0769806901213557,0.9292250762929422,0.2110855813991333,1.0,
23,ASP,119,-1.0180508407252458,-0.3778033570671145,-0.9427305453139534,-1.0,
24,ARG,125,0.49965300418456127,-1.3104043084576262,0.3179484168313132,1.0,
25,ARG,128,0.6233868413764769,1.1614078177019584,0.5748256248289032,1.0,
26,LEU,129,-1.042575503803991,-0.3309723434846107,-0.9334866890838159,-1.0,
