,residue,res_num,x_new_nm,y_new_nm,z_new_nm,q,num
0,LYS,1,1.1649928563980436,-0.3303741849978625,-0.7755954579605469,2.0,
1,ARG,5,0.8905262697437369,-0.4663061066297951,-1.0283118932486255,1.0,
2,GLU,7,1.0097890863732848,-0.972885642031871,-0.3189409044794133,-1.0,
3,LYS,13,-1.1677089823681845,-0.2123334928359806,0.811956890664299,1.0,
4,ARG,14,0.7778215544495231,-1.007533619930049,0.6691587301417237,1.0,
5,ASP,18,-0.6264429926963907,-1.2402401331567685,-0.37050959635261316,-1.0,
6,ARG,21,0.3858490558617223,-1.313682418315407,0.4396166305772646,1.0,
7,LYS,33,0.5032915117285524,0.9009596256032378,1.0014355592025717,1.0,
8,GLU,35,-0.2838150635782673,-1.19495109463728,-0.7479603352396005,-1.0,
9,ARG,45,1.0107056254570759,0.7407846407814985,-0.7054190432871459,1.0,
10,ASP,48,-0.3129093366818549,-1.1636150591760195,0.7848512681117458,-1.0,
11,ASP,52,0.7785727475522449,0.292905292572044,1.1730024460045847,-1.0,
12,ARG,61,1.3236949830255509,-0.5207457543550499,-0.21109055690551815,1.0,
13,ASP,66,-0.884789137116252,-0.5992595525332799,-0.9622577323769327,-1.0,
14,ARG,68,1.1236790768235427,0.14851782894682192,0.8849811064505381,1.0,
15,ARG,73,0.827144021282578,-0.8109897817356394,-0.8520751809302812,1.0,
16,ASP,87,0.20505182660486998,1.2757026760831625,0.6312211994386514,-1.0,
17,LYS,96,0.9311492299882727,0.756457287245305,0.7928664805919257,1.0,
18,LYS,97,0.3155895959877734,-0.33185002447051803,-1.3631516937390702,1.0,
19,ASP,101,-0.630337787831482,0.2638584515949016,1.2652892012240362,-1.0,
20,ARG,112,-0.08967561162759732,1.1708190515255141,0.8300872274915552,1.0,
21,ARG,114,0.8669443669979249,-1.0537572839646554,0.4537695703796207,1.0,
22,LYS,116,0.6684330015426141,-0.513546088268933,1.165062877982521,1.0,
23,ASP,119,0.8899527917229014,-1.0536909166106319,0.4069683682270228,-1.0,
24,ARG,125,0.2271714359451284,-1.2254175207842684,0.717390277621652,1.0,
25,ARG,128,0.9493473986261567,0.3191687268131521,-1.0318791656617192,1.0,
26,LEU,129,0.015863576103174265,-0.6936457935014502,-1.2595664460803437,-1.0,
