,residue,res_num,x_new_nm,y_new_nm,z_new_nm,q,num
0,LYS,1,1.3704120460501512,0.26338412261028554,-0.347135996373113,2.0,
1,ARG,5,1.3929696658195554,-0.003143543297454604,0.3571125876003228,1.0,
2,GLU,7,-0.15313099824267018,-0.6790589398960202,1.258305855309035,-1.0,
3,LYS,13,0.6890336886516063,0.880837637650769,-0.9040251124728113,1.0,
4,ARG,14,0.5073551896567096,1.336048580788401,-0.15958907632481878,1.0,
5,ASP,18,-0.22292497077111742,-1.1642930095525759,0.8140208948756827,-1.0,
6,ARG,21,0.9640710710312129,0.6798374656878592,0.8223696019603013,1.0,
7,LYS,33,0.48492204555899726,-1.0998115355198672,0.7894105193426386,1.0,
8,GLU,35,-0.9232431031350458,0.7964578167439226,0.7623522090487972,-1.0,
9,ARG,45,-1.3526762873950162,-0.4201765761871155,-0.24823834982414386,1.0,
10,ASP,48,1.088589960773812,0.30555343918496575,0.888545308403131,-1.0,
11,ASP,52,1.369653053624774,-0.10140846494139481,0.4262283518433131,-1.0,
12,ARG,61,-0.043057326409005656,1.4340695190806638,-0.09743948412613442,1.0,
13,ASP,66,0.5527495393261255,-1.1612288018359231,-0.6433656724926874,-1.0,
14,ARG,68,0.5312115767168134,0.763174378046802,-1.0969425242169342,1.0,
15,ARG,73,0.20963383115307388,1.4191563256180733,0.09976348166939243,1.0,
16,ASP,87,0.7958949775458144,-1.1022583231886547,0.46848857580435016,-1.0,
17,LYS,96,-1.2258047802902459,0.35082644565028703,0.6650016673892429,1.0,
18,LYS,97,-1.3610362385359458,0.0021624902434112816,-0.4641976443373838,1.0,
19,ASP,101,-1.3896127116587926,-0.35143146867502095,0.11565555067406125,-1.0,
20,ARG,112,0.4168018067779185,-0.9178680142119463,-1.0255234440683385,1.0,
21,ARG,114,1.1065375419955112,0.5102639199570099,-0.7636158537675494,1.0,
22,LYS,116,0.5670711203368463,-0.21354284007757174,-1.3041217626863006,1.0,
23,ASP,119,-0.18675459517002857,-1.199503910034163,0.7708546315461424,-1.0,
24,ARG,125,1.3352590208122135,0.2518575752203121,0.47069616646437495,1.0,
25,ARG,128,-1.3808927445165575,0.14170231583543946,-0.3754456735786257,1.0,
26,LEU,129,1.3381089884005153,0.04372195605440459,0.5248394970855679,-1.0,
