,residue,res_num,x_new_nm,y_new_nm,z_new_nm,q,num
0,LYS,1,0.29796080475075143,1.4066281694664926,-0.022810604466644967,2.0,
1,ARG,5,0.978419645479689,0.5925460266081087,-0.871486073136483,1.0,
2,GLU,7,-0.11304369276345475,-1.4076875018427542,-0.2711840568001981,-1.0,
3,LYS,13,0.4427408361397759,1.2004790737039288,-0.656303525507607,1.0,
4,ARG,14,-0.34416201246410844,-0.9371568765967684,1.0349846712896522,1.0,
5,ASP,18,0.5054395401435247,-0.9237071615133067,-0.9793874223253214,-1.0,
6,ARG,21,1.3708759949793141,0.026857312430654208,0.43345295377812704,1.0,
7,LYS,33,-1.218528871633347,-0.02501944863794824,0.7631940697924217,1.0,
8,GLU,35,1.4281051982208912,0.14568137059386124,0.08483073179495819,-1.0,
9,ARG,45,-0.9614184555702342,-0.8869005922435449,0.597482773598955,1.0,
10,ASP,48,0.8929800009865634,-0.325717379742454,-1.079073064417907,-1.0,
11,ASP,52,0.7012750314651192,0.9576064956143688,0.8118539904325587,-1.0,
12,ARG,61,1.1160677049288779,-0.4004512732436865,0.8135941419115569,1.0,
13,ASP,66,1.0505783770410422,0.6951582548886099,-0.6935011509251715,-1.0,
14,ARG,68,0.20479682022472598,1.1267128447249608,0.8697587021341798,1.0,
15,ARG,73,-0.8555718394850409,-0.5125499233385027,1.035950373109824,1.0,
16,ASP,87,0.8001254654646246,-1.1593939951198888,-0.2889785036563553,-1.0,
17,LYS,96,1.2134610599477182,0.6552540316002922,0.4075023705975566,1.0,
18,LYS,97,0.004104803947843493,0.940205729732759,1.0880717386012493,1.0,
19,ASP,101,0.7399303355978686,-0.24826058676830492,-1.207796982733434,-1.0,
20,ARG,112,-1.0048345074233909,0.8273080620675213,0.6113695732613614,1.0,
21,ARG,114,-1.0225789383143886,0.9017534231283703,0.45724922172988935,1.0,
22,LYS,116,0.8124441930425615,0.1426108169336435,-1.177922051778234,1.0,
23,ASP,119,-0.5557587230488038,0.8375700251945343,1.0283542515258521,-1.0,
24,ARG,125,1.2972109718721996,-0.41121371105272697,0.46481259694325516,1.0,
25,ARG,128,1.3834199706951125,0.26201750709033983,-0.29223241202954037,1.0,
26,LEU,129,1.2241083229503076,0.6393802818168401,0.40081846375648433,-1.0,
