,residue,res_num,x_new_nm,y_new_nm,z_new_nm,q,num
0,LYS,1,0.9443122379545967,1.0842504120224785,0.024066849789125336,2.0,
1,ARG,5,0.8273682270905666,0.8529615777123355,-0.8098284606804091,1.0,
2,GLU,7,1.2737578465320014,-0.6632024723834813,0.0748812460039314,-1.0,
3,LYS,13,-0.7599597128306087,0.07618828298106402,1.2184253577430673,1.0,
4,ARG,14,0.7006174226137898,-0.06567249782865421,-1.2540837779588176,1.0,
5,ASP,18,1.283487284321738,-0.20908664304732638,0.6138786025462324,-1.0,
6,ARG,21,0.9057670307007906,0.7296975127986955,-0.8455952920229488,1.0,
7,LYS,33,1.1861735561078237,-0.751846859433252,0.3092286641490085,1.0,
8,GLU,35,-1.2329837214426276,0.6053974549317248,-0.42561583170763745,-1.0,
9,ARG,45,1.0122095169616918,0.9829700823234736,0.27767874065125514,1.0,
10,ASP,48,0.2660857674984747,1.4031334078204711,-0.16828183554194037,-1.0,
11,ASP,52,-0.32032412801508275,-1.2641866556675654,0.605911152417529,-1.0,
12,ARG,61,1.217904810480476,0.7606854476957435,-0.07726120794387935,1.0,
13,ASP,66,1.0314523732802006,-0.9579041811876782,-0.2939886958682435,-1.0,
14,ARG,68,0.7414878812256781,1.2150995706447258,0.20404050429991272,1.0,
15,ARG,73,-0.2026180044345047,0.6029134489570573,-1.2897073657718598,1.0,
16,ASP,87,1.1874175967080067,0.08696706083745138,-0.8064613774620466,-1.0,
17,LYS,96,-1.0824202295553131,0.8193222274755464,0.4743219436147117,1.0,
18,LYS,97,1.326559022388373,0.5477148803245536,-0.09029585799786112,1.0,
19,ASP,101,-0.4446478678507702,1.3630312708554264,-0.11107565109649661,-1.0,
20,ARG,112,0.09447002404259736,-0.3358651239875259,-1.3950533341154883,1.0,
21,ARG,114,1.3375475624950859,0.47259274484659053,-0.23564037761454457,1.0,
22,LYS,116,-0.7860028036964443,0.46238074723022954,1.111893614134306,1.0,
23,ASP,119,0.9657001621211408,-0.9166225367683354,0.5432587725459103,-1.0,
24,ARG,125,1.3340210304429525,0.04580485075144731,-0.5349706328052648,1.0,
25,ARG,128,0.2783021337165043,0.808197648636063,-1.15640315421936,1.0,
26,LEU,129,-0.43388160178566015,1.0334059360542767,0.9009565466437321,-1.0,
