,residue,res_num,x_new_nm,y_new_nm,z_new_nm,q,num
0,LYS,1,0.40149593700918285,1.3743330309885367,0.13384134069668088,2.0,
1,ARG,5,0.8593405023148356,1.1437873730697303,0.14556139003196125,1.0,
2,GLU,7,-1.3044502016577117,0.3632933179822615,-0.48407789505935894,-1.0,
3,LYS,13,-1.3847924569525867,0.3376798801957612,0.19033108432071696,1.0,
4,ARG,14,0.7098122384920245,-0.011793485972273615,1.250572377655955,1.0,
5,ASP,18,0.8486020510129124,1.0530370387577193,0.4887651030930473,-1.0,
6,ARG,21,0.7616646339957875,-1.161615766312615,0.37204780439417245,1.0,
7,LYS,33,-0.4201379283647007,1.3180359672841604,-0.39264370881911587,1.0,
8,GLU,35,-0.15631101572149833,-0.9773657797124315,1.043181082550738,-1.0,
9,ARG,45,1.0353011497757638,-0.5807067490682571,-0.8116864991116108,1.0,
10,ASP,48,-0.1026270479967667,0.7899263301425608,-1.1972417692126687,-1.0,
11,ASP,52,-0.2817137978971424,1.3565297752180574,0.38518576946938105,-1.0,
12,ARG,61,0.1904553374487688,-0.7763766157722124,-1.195353456890416,1.0,
13,ASP,66,0.265146987776446,-0.5228699514572112,1.3130909567568867,-1.0,
14,ARG,68,1.1081507926084453,0.9091799796120891,-0.11531416866257782,1.0,
15,ARG,73,-1.2658237574555558,0.624041143368057,-0.27598304010480773,1.0,
16,ASP,87,0.09857507921447274,1.4034015247054663,-0.29774298680697364,-1.0,
17,LYS,96,0.8956894127208177,0.9095356707887489,0.6621095917468666,1.0,
18,LYS,97,-0.5372400995371421,0.48627232246991753,-1.2421014756570976,1.0,
19,ASP,101,-0.23666379646165256,1.335107440753551,-0.47893855667440854,-1.0,
20,ARG,112,0.5421968817612783,1.3315952085238612,-0.027937681098226357,1.0,
21,ARG,114,1.3447121620474236,-0.5053533459497423,-0.06535265074691497,1.0,
22,LYS,116,-1.3707240728193701,0.30414745738165944,-0.31066640040766386,1.0,
23,ASP,119,1.3162722064299488,-0.5694666694559123,-0.10506646914848584,-1.0,
24,ARG,125,-1.2879547779383895,0.4785378850269953,-0.42435569344603974,1.0,
25,ARG,128,0.36663901662243625,-1.1495303976157807,-0.782342296202847,1.0,
26,LEU,129,0.5909903635655493,-1.2550814557801997,0.3786881322537315,-1.0,
