,residue,res_num,x_new_nm,y_new_nm,z_new_nm,q,num
0,LYS,1,1.4233900101184505,0.17588676228211397,0.1045394563283076,2.0,
1,ARG,5,-0.1858540223731155,-0.685007433613066,1.2506505787961237,1.0,
2,GLU,7,1.4008829489805414,0.27414219536988804,0.17400227571461613,-1.0,
3,LYS,13,0.650344367622412,0.3728919678675004,1.2271542510141964,1.0,
4,ARG,14,-1.0715224508849455,-0.5604158400348691,0.7782528480307904,1.0,
5,ASP,18,1.3299836583712683,0.011648005692174116,-0.5467280534317565,-1.0,
6,ARG,21,1.072661316673696,-0.9059410227133508,-0.3107608969247036,1.0,
7,LYS,33,1.3181596105536344,0.33698247205409676,0.4656198305634178,1.0,
8,GLU,35,-1.317027245244164,0.5533476551638522,0.1647706885029646,-1.0,
9,ARG,45,0.8083272630229935,-0.9533914541093366,-0.711024291473608,1.0,
10,ASP,48,0.2671841051543478,-0.4088729103844322,-1.352530727594438,-1.0,
11,ASP,52,0.27965808257482716,1.0901106225854835,-0.895183757313193,-1.0,
12,ARG,61,1.081497322595423,-0.7274049796579136,0.6075765867512567,1.0,
13,ASP,66,-0.2625173470766345,0.19162764713678018,1.4008095014373556,-1.0,
14,ARG,68,-0.6694473286599136,1.2707248668455047,0.07072735617202823,1.0,
15,ARG,73,0.4906624852859343,-0.5506118346014668,1.2344961341010114,1.0,
16,ASP,87,-0.850188276480394,-0.9029018354547586,0.7279092952066424,-1.0,
17,LYS,96,-0.76708178836293,-0.4856377228294045,1.1151884612510592,1.0,
18,LYS,97,-0.02784132053396218,-0.48121315783553187,1.3548293359598418,1.0,
19,ASP,101,0.531918832345849,-1.334722847622515,-0.05900040517469427,-1.0,
20,ARG,112,-0.13317575657159084,1.3871780114925747,0.35483116305307266,1.0,
21,ARG,114,-0.482141496719216,0.36399349730992014,1.3049720621675978,1.0,
22,LYS,116,0.28663896609724676,-0.2305837996209247,-1.390170128598505,1.0,
23,ASP,119,1.2423473311690547,0.3910599960518337,0.6095481606941098,-1.0,
24,ARG,125,-0.30833804244433854,1.183269263443252,0.7567729340776945,1.0,
25,ARG,128,-0.37579057181459524,0.8117205400381392,1.1259640238462134,1.0,
26,LEU,129,-1.2352196200845844,-0.007472044645346045,-0.7362611158328396,-1.0,
