,residue,res_num,x_new_nm,y_new_nm,z_new_nm,q,num
0,LYS,1,0.1763921424367455,-1.4032056515706572,-0.26039102032759825,2.0,
1,ARG,5,-0.9319322674495598,0.19950068868388332,1.0768498020065211,1.0,
2,GLU,7,1.1746331478818264,-0.6957624840308061,-0.45172481190766867,-1.0,
3,LYS,13,-0.09279432567244847,0.04145310108340121,-1.4344248413611882,1.0,
4,ARG,14,0.7414629329235314,1.2304656081535865,0.06395997367233001,1.0,
5,ASP,18,1.264070914570487,0.6833471753614935,0.05536364188622496,-1.0,
6,ARG,21,0.022320452904565986,0.47566268173050885,1.35689004070764,1.0,
7,LYS,33,0.9098491115012594,1.075717134243971,-0.28794272585848124,1.0,
8,GLU,35,0.527901320438107,0.9895138022663208,-0.9000480003781226,-1.0,
9,ARG,45,0.9237035044007581,-0.6647849075042589,-0.8790543980282548,1.0,
10,ASP,48,-1.2175395466493248,-0.29479642284472524,0.7061135131148644,-1.0,
11,ASP,52,-1.112955993288018,-0.8405641129778518,-0.35026375912809377,-1.0,
12,ARG,61,1.2997773388672553,-0.4918858868839044,0.36950090071892394,1.0,
13,ASP,66,-0.09352207298347855,1.4348672484272844,0.017702351145881857,-1.0,
14,ARG,68,-0.6198492960332725,-0.006234188096491197,-1.2975560708833893,1.0,
15,ARG,73,-0.13215412916312103,1.0280337223706648,0.9967877024694664,1.0,
16,ASP,87,0.23681312406603294,1.318122166685515,0.5238103377586921,-1.0,
17,LYS,96,0.700503577756998,1.2198368676675926,-0.2986578741789117,1.0,
18,LYS,97,0.3281486458048938,-0.6942252582909544,-1.2158427237878167,1.0,
19,ASP,101,1.2874235493479353,-0.007219314007278207,0.6406186526086588,-1.0,
20,ARG,112,-0.6336360712589844,-1.2577314782747002,-0.29072431913570895,1.0,
21,ARG,114,-0.8092970598500338,1.1862060290018306,0.07653298411994758,1.0,
22,LYS,116,-0.47059676544913487,0.223644384903255,-1.3403080412466986,1.0,
23,ASP,119,-0.25153780679991256,1.2811101258523638,0.6028178407855361,-1.0,
24,ARG,125,0.6729385331976854,0.43835197242828716,1.1928558382245873,1.0,
25,ARG,128,-0.9474481977636656,-0.8414189676318847,0.6798969079530962,1.0,
26,LEU,129,-0.6617090688793023,1.1368743383639444,-0.5810005326270676,-1.0,
