,residue,res_num,x_new_nm,y_new_nm,z_new_nm,q,num
0,LYS,1,0.6248713426496063,1.2787615805886794,-0.20544682311032636,2.0,
1,ARG,5,0.5400739083213691,0.7122665383815773,1.1264547588930998,1.0,
2,GLU,7,-1.3206154566269392,-0.37384261089092946,0.42909240261367826,-1.0,
3,LYS,13,0.34331515820020214,-0.29073055384480634,-1.365838284421537,1.0,
4,ARG,14,-0.4447389853162758,-1.1973696877130993,0.6606185267355055,1.0,
5,ASP,18,0.6719860198736602,0.3161264393856729,1.2314230123707282,-1.0,
6,ARG,21,1.323809641226079,-0.18475860995780666,0.5303735116159594,1.0,
7,LYS,33,-0.6947860665450187,0.9866063699405473,0.7821662000547848,1.0,
8,GLU,35,-0.5019488064724953,1.1480873583562212,-0.7055824439737549,-1.0,
9,ARG,45,-0.7883278827515076,-0.2255104155265494,-1.181350064014081,1.0,
10,ASP,48,-1.3017581971782062,-0.4277076048996286,0.43634341151308215,-1.0,
11,ASP,52,1.2675811630391034,-0.6767151476049461,-0.056554187209745234,-1.0,
12,ARG,61,-1.0792944822128991,-0.7385481916653379,-0.5979747162156226,1.0,
13,ASP,66,-1.3709297544731076,0.029572079869645752,-0.43310607519751215,-1.0,
14,ARG,68,-0.18210549314122815,-1.402834474543876,0.25845076587137855,1.0,
15,ARG,73,-0.8194268577124942,-0.4867556409479376,-1.076806548478089,1.0,
16,ASP,87,1.2302757895309575,0.16307848203155303,-0.726450729487395,-1.0,
17,LYS,96,-1.396551191396724,-0.19864159166915266,-0.27944598735362525,1.0,
18,LYS,97,-0.392644728057609,-1.1754599058687552,-0.7294024261024149,1.0,
19,ASP,101,0.5352612313885979,1.326855984711508,0.14440353869667452,-1.0,
20,ARG,112,-0.48910009283658124,1.2125353206380987,0.5987010667877717,1.0,
21,ARG,114,-1.2209519145560377,-0.032644442900288596,0.7590220910290961,1.0,
22,LYS,116,-0.023202232319879442,0.9227716133653197,-1.1026595022775818,1.0,
23,ASP,119,-0.4714531076720211,1.2195176951404083,-0.5986754801111578,-1.0,
24,ARG,125,-0.39987457619553257,-1.2907407809347204,0.4919271609953818,1.0,
25,ARG,128,0.14576957810272054,0.4940709154221059,-1.34259038154391,1.0,
26,LEU,129,-0.5541949682440708,-0.688959351619927,-1.134066453506543,-1.0,
