,residue,res_num,x_new_nm,y_new_nm,z_new_nm,q,num
0,LYS,1,1.4307675095030175,0.12319425396487435,-0.07504186512258161,2.0,
1,ARG,5,0.846384983663638,-0.1806578827084111,1.1484332635484409,1.0,
2,GLU,7,-1.258688471213521,-0.5892840226884299,0.36925796541011446,-1.0,
3,LYS,13,-1.1274383946704971,-0.6800977422127609,-0.5781466070474017,1.0,
4,ARG,14,-0.276675339571273,1.1831213392031639,0.7691413557830173,1.0,
5,ASP,18,-1.107444734378977,-0.4388637422335094,-0.8055237724794854,-1.0,
6,ARG,21,0.40257223522728286,1.3006839108332247,-0.4626669768896447,1.0,
7,LYS,33,-0.4849687404163999,0.24282436766453097,1.3318203404617894,1.0,
8,GLU,35,-0.30359396360134855,0.535044049582665,-1.2997931921084642,-1.0,
9,ARG,45,1.4123435145375924,-0.2317913053193043,0.13950756145270185,1.0,
10,ASP,48,1.3792435252746942,-0.022781533273288274,0.4062906246888511,-1.0,
11,ASP,52,0.47394092143433114,-1.3217293054467887,-0.3103472540455814,-1.0,
12,ARG,61,-1.2537791304001225,0.5606641299106654,0.4261424616077754,1.0,
13,ASP,66,0.6399186321378447,1.1784704045981083,-0.5192450497690912,-1.0,
14,ARG,68,-0.1532307477501284,0.6583842858937232,-1.2692337223745098,1.0,
15,ARG,73,1.2383248490655043,0.15050851973050003,-0.7154037500991559,1.0,
16,ASP,87,0.22591977461563453,0.9893938512505573,1.0188051013445683,-1.0,
17,LYS,96,0.895018538212627,-0.2352583350168875,-1.1006812000035793,1.0,
18,LYS,97,-0.9643710265605542,-1.0508986980848316,0.18304158400389337,1.0,
19,ASP,101,0.4968483478057764,-1.330403185789907,0.22599304082922986,-1.0,
20,ARG,112,0.9023766287461827,1.1180916499398459,0.059086836164854516,1.0,
21,ARG,114,-0.9932672072995999,-0.9193580072034242,-0.48590624761851703,1.0,
22,LYS,116,1.0380197494677095,0.9627460276242956,0.25206915318844053,1.0,
23,ASP,119,-0.21420214523436193,0.4704315287702293,1.3419073700134474,-1.0,
24,ARG,125,-1.2985560516653951,-0.04665511949699369,-0.6160188734839267,1.0,
25,ARG,128,0.5431709877950042,-0.28547919598659877,-1.3005270772487398,1.0,
26,LEU,129,0.8574540791680778,-0.4398997791699629,-1.067316475270923,-1.0,
