,residue,res_num,x_new_nm,y_new_nm,z_new_nm,q,num
0,LYS,1,-0.4908330208401987,0.21090157973782253,1.3351057041663335,2.0,
1,ARG,5,-0.9956220070568989,0.4535741152870832,-0.9332261853302434,1.0,
2,GLU,7,-0.19104856249548585,0.8999866758057266,1.1051824293396415,-1.0,
3,LYS,13,0.3708794323101875,-0.2940815363015888,1.3578911107582505,1.0,
4,ARG,14,0.5381308817630609,0.5003909138853948,-1.2360937906867566,1.0,
5,ASP,18,0.6059091306183144,-0.8765862527512123,0.9655953805302981,-1.0,
6,ARG,21,-0.6091473652829362,0.3446343171786404,1.2562127394562494,1.0,
7,LYS,33,-0.6478237174988836,0.3837612020409857,-1.225134908014007,1.0,
8,GLU,35,-0.9772833170534563,0.5053361234716315,-0.9259894667349964,-1.0,
9,ARG,45,-1.324174408664658,-0.5607723059568168,0.000572965952033387,1.0,
10,ASP,48,-0.7201000983020813,0.7323962614761241,-1.0064568230091315,-1.0,
11,ASP,52,0.38064904712662206,-1.1383514849262213,-0.7919381110089138,-1.0,
12,ARG,61,1.134682827705509,0.3596294557245697,-0.8068861797465522,1.0,
13,ASP,66,1.43180390428268,-8.820445288269486e-05,0.13357149352071196,-1.0,
14,ARG,68,1.084091767579777,-0.03793014603043954,-0.9440392552581539,1.0,
15,ARG,73,1.2087982623592586,0.32327140278819805,0.7086650358505723,1.0,
16,ASP,87,0.033153843383025586,0.6267116525173542,-1.293845856061844,-1.0,
17,LYS,96,0.49443396422065544,1.0886154511073969,-0.7989713553161915,1.0,
18,LYS,97,1.1965474984603093,0.7648058870847853,0.2263842109983299,1.0,
19,ASP,101,0.31387806870454343,-0.2916773890231837,-1.3727012168346868,-1.0,
20,ARG,112,-0.6460817718245147,1.0027493793386515,-0.8031038527690866,1.0,
21,ARG,114,1.347001347408796,0.4991415471564233,0.06594587145291843,1.0,
22,LYS,116,1.182036213327313,-0.06265254378564508,-0.8165591351032208,1.0,
23,ASP,119,0.8171083426978815,-1.0282207999488495,0.5856617751113476,-1.0,
24,ARG,125,0.013275702237661051,-0.5667235179999923,1.3215717846020754,1.0,
25,ARG,128,-1.094611431259457,0.07772510782586355,0.9293483707147101,1.0,
26,LEU,129,0.39556782979049054,1.0370369370238008,0.9143217460301595,-1.0,
