,residue,res_num,x_new_nm,y_new_nm,z_new_nm,q,num
0,LYS,1,0.02728398040363271,1.2986007654337874,-0.6170862244521593,2.0,
1,ARG,5,-0.3520187720174445,0.19334028549934487,1.3807990766693274,1.0,
2,GLU,7,1.0197753397414164,-0.9547151150842321,0.34129324263085814,-1.0,
3,LYS,13,0.31557814164062675,-1.27465164363771,0.586154754199638,1.0,
4,ARG,14,-0.321839776708169,-1.400456567685879,-0.055175466780339646,1.0,
5,ASP,18,-0.47670536944177383,1.3097608737643212,0.35381098948733747,-1.0,
6,ARG,21,0.23141342839813187,-0.6611101262716826,1.2559000748780007,1.0,
7,LYS,33,-1.089337527074573,-0.9323684355051758,-0.10925486058382014,1.0,
8,GLU,35,0.9929496051346003,-0.8064370591432065,-0.6569734570620057,-1.0,
9,ARG,45,-0.008890035349908404,-0.0015031018594991077,1.4379925173438082,1.0,
10,ASP,48,1.1588778687165115,-0.8482466978854994,-0.07337163556802531,-1.0,
11,ASP,52,-0.7725129067446392,-1.0499689159032388,0.6072008370633484,-1.0,
12,ARG,61,-1.2394148749318228,-0.5501813016559071,0.4785969860816625,1.0,
13,ASP,66,-1.1821748080556005,-0.49998657861914086,-0.6483671154368761,-1.0,
14,ARG,68,1.127969163559533,-0.34663285313438613,-0.8218485281164819,1.0,
15,ARG,73,0.5343124970461167,-1.19965965758249,0.585858885270089,1.0,
16,ASP,87,0.3653502541366525,-1.319093119449227,0.44092664469784115,-1.0,
17,LYS,96,0.6464963102836713,1.2641311426463209,-0.2278568562975704,1.0,
18,LYS,97,-0.94308937184846,-1.0761088869984652,-0.14309392722930916,1.0,
19,ASP,101,-0.834464347085064,1.0668759011378812,0.48306193908818496,-1.0,
20,ARG,112,-0.5028490800871633,1.1974449428891294,0.6173914344929385,1.0,
21,ARG,114,0.25906039976964607,-0.669291958245747,-1.2461299113171425,1.0,
22,LYS,116,1.0592810990988395,-0.8062789463740165,-0.5438212810349237,1.0,
23,ASP,119,-0.8644597405095082,0.8949699120424455,-0.7208619739988206,-1.0,
24,ARG,125,0.4895465147891253,0.9805235304685703,0.9310325386557532,1.0,
25,ARG,128,-0.16609470161881776,0.8204550419818039,1.1692603842435172,1.0,
26,LEU,129,0.46718829477960694,0.187586205418593,-1.347015324611447,-1.0,
