,residue,res_num,x_new_nm,y_new_nm,z_new_nm,q,num
0,LYS,1,0.7513143759252242,-0.20269441346853445,-1.2092747641695178,2.0,
1,ARG,5,-0.9343377857443026,-0.6107291022877267,-0.9066016974006647,1.0,
2,GLU,7,-0.857171421510064,1.1522395041285416,-0.0741960325929518,-1.0,
3,LYS,13,0.2969332033685835,1.3133032627018308,-0.5049445364537599,1.0,
4,ARG,14,0.22047342255769706,-1.2902527843243525,0.5954351303622055,1.0,
5,ASP,18,0.10217857173632225,1.4138502667421566,0.24184857802261994,-1.0,
6,ARG,21,-0.9656267729710247,1.0655650576546152,-0.006309929285377116,1.0,
7,LYS,33,1.3109131799111242,-0.3931882433969813,0.4413767234123316,1.0,
8,GLU,35,-0.4382597843373409,-0.8487133070991779,-1.0749501643173367,-1.0,
9,ARG,45,0.3752284087813138,-0.784661199932814,1.1451699500702703,1.0,
10,ASP,48,1.1094435455590368,-0.029766506105572636,0.9144138812989256,-1.0,
11,ASP,52,1.1874365088412282,0.06158237039026349,0.8087681504044144,-1.0,
12,ARG,61,0.8831605175443674,-0.0014595513414276725,1.134869658569279,1.0,
13,ASP,66,-0.31482961650034963,0.08983044814347303,1.4002558963064897,-1.0,
14,ARG,68,0.4661087033489112,0.22623056512852602,-1.3414418287963625,1.0,
15,ARG,73,0.21534595967743447,1.2544684808756927,-0.6692075314284363,1.0,
16,ASP,87,0.20951970479538295,-1.3900125837046426,0.3031011092452558,-1.0,
17,LYS,96,-0.17228525803203612,-1.3336176175410792,-0.5095935753415616,1.0,
18,LYS,97,-0.07221092457219985,-0.7597805336741864,-1.2187792642651505,1.0,
19,ASP,101,-0.6612125025319611,-0.13184885448343772,1.2701644295315988,-1.0,
20,ARG,112,-0.358313672078802,0.3615361605114057,1.3449188410549466,1.0,
21,ARG,114,-0.7538781927763224,0.572613171127426,1.0824442704768706,1.0,
22,LYS,116,0.9422860284485342,0.5656981400301807,0.9273545314158914,1.0,
23,ASP,119,1.4294243415667163,-0.14018603661802273,0.07069440468944924,-1.0,
24,ARG,125,0.09914080664306764,-1.413349826221476,0.24600231941668851,1.0,
25,ARG,128,0.17890817930994002,-1.4190932103960456,-0.14856007392416118,1.0,
26,LEU,129,-0.29990160610530797,-1.1403184611230996,-0.823186859624112,-1.0,
