,residue,res_num,x_new_nm,y_new_nm,z_new_nm,q,num
0,LYS,1,-1.0721918879509866,-0.9431368958678197,-0.16970893625681036,2.0,
1,ARG,5,0.6384629831950874,-1.2746077729766399,0.18879569946814184,1.0,
2,GLU,7,-1.3819446547523917,0.10621294869563545,-0.383212151048445,-1.0,
3,LYS,13,0.5779051385161698,-0.7158810741622714,-1.10518944553112,1.0,
4,ARG,14,1.1225311594094929,0.7806882411900579,-0.4453688787992031,1.0,
5,ASP,18,-0.9324819556370564,0.8648980032971832,0.6710682664858635,-1.0,
6,ARG,21,-0.6249020665652666,1.2451160376658867,-0.35649296196442176,1.0,
7,LYS,33,0.7752560734166515,0.989546068829381,0.6983411560801918,1.0,
8,GLU,35,-0.09464756311882129,-1.3298404491459355,-0.5389526793620295,-1.0,
9,ARG,45,-0.9120163440828196,0.7238454236346892,-0.8439062523701494,1.0,
10,ASP,48,-1.4106672982357413,0.22710637890691013,0.16230908270509775,-1.0,
11,ASP,52,-0.9434243988719071,-0.7444640231141961,-0.7897008888701543,-1.0,
12,ARG,61,-0.019907564781527817,-1.4007541747831032,-0.3246462731538475,1.0,
13,ASP,66,0.4604531717962421,-1.0683576054513282,0.8452802348556303,-1.0,
14,ARG,68,-0.8799011513950586,-1.1115967711091697,0.24089490283902626,1.0,
15,ARG,73,0.9949735156515344,-0.5762563799221097,0.863631900598627,1.0,
16,ASP,87,-1.0542192066688236,0.27246206279409263,0.9393029652934398,-1.0,
17,LYS,96,0.7622688355693145,-1.1768628132078354,-0.3191299315151213,1.0,
18,LYS,97,-1.433993640210525,0.011293931312492539,-0.10695073132887566,1.0,
19,ASP,101,-0.36124349489028046,-1.3151057223540077,0.45596474470259735,-1.0,
20,ARG,112,-1.425457342231358,0.1722059666606914,-0.07949995286587154,1.0,
21,ARG,114,-0.08695455398140854,-1.4324139401142655,-0.09237413971846033,1.0,
22,LYS,116,0.009139667864748598,-0.2808241218277575,1.4103042405989907,1.0,
23,ASP,119,-0.6342533457366388,1.2771457505019435,-0.18580957288905306,-1.0,
24,ARG,125,0.6597179653643422,1.2674708649656736,0.1618443221716615,1.0,
25,ARG,128,1.0027752015056675,-0.5442839164343793,0.875271778099024,1.0,
26,LEU,129,-1.4262136441968687,-0.18220700932739173,-0.024880089211274395,-1.0,
