,residue,res_num,x_new_nm,y_new_nm,z_new_nm,q,num
0,LYS,1,-0.5968678557534703,-0.577267287399744,1.1740592036379176,2.0,
1,ARG,5,0.27516646697730435,-0.03650269793468384,-1.4109765201714812,1.0,
2,GLU,7,-0.008380498943019584,0.7853917369724045,-1.2045718570153632,-1.0,
3,LYS,13,1.3656607915726326,0.18960104012899348,-0.408565563800621,1.0,
4,ARG,14,-0.16756653729070256,1.4189109736595338,-0.16284003312902717,1.0,
5,ASP,18,0.21214792572729713,0.21892136291716202,-1.4053364246501983,-1.0,
6,ARG,21,1.1092352261697274,0.9145127649905237,-0.03416705539092757,1.0,
7,LYS,33,0.4290615296175663,1.3398703447405225,-0.29758601288980924,1.0,
8,GLU,35,-0.2597938723856836,1.3290939141590679,0.48365306077464765,-1.0,
9,ARG,45,-0.5232901716386349,-0.15412041062700702,1.3305330011972931,1.0,
10,ASP,48,-0.2266715100310009,-0.6631200832034588,1.2557052017782713,-1.0,
11,ASP,52,-0.5512263051592683,0.5248955634020677,1.2200565478705454,-1.0,
12,ARG,61,-0.012709358456423937,-1.1741481076993237,-0.8301315952150169,1.0,
13,ASP,66,-0.536721152901221,0.40256618396340715,-1.2719177031309965,-1.0,
14,ARG,68,-0.4148919309266852,0.1862901803139853,-1.3642083515178371,1.0,
15,ARG,73,-1.4257925351644243,-0.15676343878006427,0.1021990357672623,1.0,
16,ASP,87,0.3096377471350068,-0.5574081936191297,-1.2889237150490798,-1.0,
17,LYS,96,0.31387273520889747,1.3091749228082732,0.5054193304207333,1.0,
18,LYS,97,1.0388804434382475,0.9271952494647399,0.35908239387649477,1.0,
19,ASP,101,-0.3218760789766076,-1.3502290771750949,-0.37574060322786734,-1.0,
20,ARG,112,0.7636929738196534,1.1531539134483393,0.3935897173679455,1.0,
21,ARG,114,-0.3486310163150254,1.2482515141207677,0.623079725186808,1.0,
22,LYS,116,-0.5459947930417673,-1.1533503491655492,-0.6630056033183193,1.0,
23,ASP,119,-1.3531102162216309,0.4576427792036435,0.166010847175483,-1.0,
24,ARG,125,0.32781771604610765,-1.1485516248800323,0.8007924088128309,1.0,
25,ARG,128,0.07792491611091276,-1.3368425596952962,0.5241025186134302,1.0,
26,LEU,129,-0.3760121402132418,-0.4067077577616724,-1.327067233477353,-1.0,
