,residue,res_num,x_new_nm,y_new_nm,z_new_nm,q,num
0,LYS,1,0.9830032812452222,0.2172310960237362,1.0268490502318042,2.0,
1,ARG,5,-0.8864060036825875,-1.0651761912615099,0.3841716415687047,1.0,
2,GLU,7,-0.9952938844688498,1.034589618397457,0.08317557949071913,-1.0,
3,LYS,13,0.9117623393402261,1.0043420225531974,0.47737858170962877,1.0,
4,ARG,14,1.2729119996172473,0.406943637971893,0.5310326625784206,1.0,
5,ASP,18,-0.8091111302616637,1.188798480152819,0.0010604025395040194,-1.0,
6,ARG,21,-1.3092480014267742,-0.5011566543083789,0.3203364646476179,1.0,
7,LYS,33,1.420519163743217,0.06317675508544286,-0.21456415132927018,1.0,
8,GLU,35,-1.0588184250571149,-0.9614447862658793,-0.14977061695216956,-1.0,
9,ARG,45,1.097816541965655,0.9250096810052496,-0.08402203409608139,1.0,
10,ASP,48,-1.1885610658368675,-0.004895870580957369,0.8094457333314504,-1.0,
11,ASP,52,0.8410796675973817,0.3571527322097411,-1.110374121911124,-1.0,
12,ARG,61,-0.5384793006011019,-1.1175038339969174,0.7274125348155909,1.0,
13,ASP,66,1.1272674846233164,-0.8928253020623331,-0.005896616727413137,-1.0,
14,ARG,68,-1.0196144694866864,-0.24696025364645416,-0.9835144832247095,1.0,
15,ARG,73,-0.9198086083487512,-1.0678465264908703,0.28558657505110696,1.0,
16,ASP,87,0.60347714268077,1.2792183859112387,0.2594598839686093,-1.0,
17,LYS,96,0.08060510855322425,0.8610662494897998,1.1489001272718173,1.0,
18,LYS,97,-0.4317599310141108,0.21327528454272762,-1.3549910652673745,1.0,
19,ASP,101,-1.2855875117947668,-0.41398411201966573,-0.4937465711203821,-1.0,
20,ARG,112,-0.7664124657074041,1.1836156202854629,-0.2820811369181943,1.0,
21,ARG,114,0.5823711257838831,1.314457305804924,0.030816149171799215,1.0,
22,LYS,116,-0.31739644345249907,0.5937605992988672,-1.270673687610025,1.0,
23,ASP,119,-0.6799984304058481,-0.1252565763092634,1.2608793347173908,-1.0,
24,ARG,125,-1.0515922325138658,0.85905116273682,0.473380025241377,1.0,
25,ARG,128,-1.1200739064144851,-0.5492331990491663,0.7153188863801371,1.0,
26,LEU,129,0.7713020171476744,-0.5079999618778922,1.10223999612448,-1.0,
