,residue,res_num,x_new_nm,y_new_nm,z_new_nm,q,num
0,LYS,1,-0.26258493541376055,-0.6275065385990899,1.2669603260124782,2.0,
1,ARG,5,-1.2951580591279395,-0.5459429559467917,-0.3039994452437929,1.0,
2,GLU,7,0.019666947282356562,-1.2555383835378375,-0.7008140628071701,-1.0,
3,LYS,13,0.18478789284060562,-0.7182649265962054,-1.2320116484277985,1.0,
4,ARG,14,-1.032301446506057,-0.2860179300511925,0.9594015005258428,1.0,
5,ASP,18,0.9659262644289995,0.9312779837835604,-0.5173118407563956,-1.0,
6,ARG,21,-0.017190702153553724,-0.19947395071150142,-1.4240148857113533,1.0,
7,LYS,33,0.043051948674702294,-0.0957490619967746,-1.4341835373558554,1.0,
8,GLU,35,-0.5342024370433291,-0.7655762777579713,1.0938119084978561,-1.0,
9,ARG,45,0.32135200435115613,-0.1317604640189819,-1.3954482582315628,1.0,
10,ASP,48,-0.44992272227313174,1.2834179346922956,-0.46723839832894976,-1.0,
11,ASP,52,1.3536617897021508,0.4114820366343304,0.257266524460798,-1.0,
12,ARG,61,-0.5532794104164954,-0.9827624936588084,-0.8921678917374244,1.0,
13,ASP,66,1.4169643664049898,-0.2318294945138566,0.0798175531600722,-1.0,
14,ARG,68,1.1299338890677881,0.8696740891326477,-0.18660159969289689,1.0,
15,ARG,73,0.9032615898243711,-0.6183379421371927,-0.9325665990383726,1.0,
16,ASP,87,-0.19518260188056152,0.9494379897138934,1.0622499835686892,-1.0,
17,LYS,96,1.243292582951882,-0.6375564991140482,0.3400721035233291,1.0,
18,LYS,97,-0.47562539166164247,-0.15077279500411847,1.3486852201584552,1.0,
19,ASP,101,-0.6087477075333704,-1.29909992321882,0.0983330567318375,-1.0,
20,ARG,112,-1.0104917565281428,0.013516048433272847,-1.0230481408046852,1.0,
21,ARG,114,-1.2524595385501505,0.6756594761815424,-0.20671997610616563,1.0,
22,LYS,116,0.963632347461397,0.9517453524894691,-0.48321553671342043,1.0,
23,ASP,119,1.3346910272294317,0.22733872567726895,0.48458305544167024,-1.0,
24,ARG,125,0.9252848552143814,0.03520533709487595,-1.1002328357813371,1.0,
25,ARG,128,-1.1679717765840507,-0.29277814753541864,-0.7861467149389676,1.0,
26,LEU,129,-0.9405048310688281,-1.0094327405427428,-0.40546267033731687,-1.0,
