record_name,atom_number,atom_name,residue_name,residue_number,x_coord,y_coord,z_coord,occupancy,line_idx,depth,x_orig,y_orig,z_orig,my_residue_number,d_to_vec,orientation_num,integral,potential_V,charge_C_m2
ATOM,4944,HB2,GLU,158,-2.921182622687091,-18.281071802091706,2.4703270313757164,0.0,4968,2.9810000000000003,-11.344,-10.288,8.206,310.0,1.2204018389183853,0.0,1849.3269696704212,-0.1894349188543333,-0.16726679326543334
ATOM,4918,O,GLU,157,-2.668182622687091,-20.164071802091705,6.5453270313757175,-0.55,4942,2.88,-11.091,-12.171,12.281,309.0,2.4859932599297374,0.0,1849.3269696704212,-0.1894349188543333,-0.16726679326543334
ATOM,2432,O,GLU,157,13.650817377312908,11.190928197908296,-12.998672968624284,-0.55,2455,2.88,5.228,19.184,-7.263,153.0,0.9447656474991514,40.0,1509.792848575237,-0.23730153484733332,-0.3954294026721567
ATOM,2455,HA,GLU,158,14.31481737731291,8.914928197908296,-12.842672968624283,0.0,2478,2.6,5.892,16.908,-7.107,154.0,2.1454826555961235,40.0,1509.792848575237,-0.23730153484733332,-0.3954294026721567
ATOM,2483,OXT,CYS,160,10.383817377312909,4.6559281979082945,-11.457672968624284,-0.55,2506,2.88,1.961,12.649,-5.722,156.0,2.9132433891460274,85.0,1348.51759620769,-0.26237428146333336,-0.48622929359733336
ATOM,4968,H,CYS,160,2.0028173773129083,-17.754071802091705,5.052327031375717,0.4,4992,2.835,-6.42,-9.761,10.788,312.0,1.8498028661871808,90.0,1333.4873377658935,-0.22152607886033335,-0.40513732482566667
ATOM,3063,HE2,TYR,42,1.9288173773129085,-11.509071802091704,4.516327031375718,0.12,3087,2.9210000000000003,-6.494,-3.516,10.252,194.0,2.4325906103686012,90.0,1333.4873377658935,-0.22152607886033335,-0.40513732482566667
ATOM,3442,SG,CYS,66,6.268817377312908,-18.960071802091704,5.060327031375716,-0.29,3466,3.18,-2.154,-10.967,10.796,218.0,6.089753055779661,96.0,1306.7456849116395,-0.21178085462433335,-0.2384591876907
ATOM,576,HE1,TYR,42,5.916817377312908,3.495928197908296,-9.844672968624284,0.12,599,3.052,-2.506,11.489,-4.109,38.0,3.039282560947507,123.0,1215.4080814993874,-0.25731336463366666,-0.41426431178033335
ATOM,255,HE2,TYR,20,8.858817377312908,13.335928197908295,-14.442672968624283,0.12,278,2.6,0.436,21.329,-8.707,16.0,3.2341055950115494,186.0,1033.0133288297714,-0.21185919730733335,-0.23506946743486667
