record_name,atom_number,atom_name,residue_name,residue_number,x_coord,y_coord,z_coord,occupancy,line_idx,depth,x_orig,y_orig,z_orig,my_residue_number,d_to_vec,orientation_num,integral,potential_V,charge_C_m2
ATOM,68,N,ARG,5,-2.814304591836736,-0.9668913265306287,-14.175635714285686,-0.4,96,3.03,-3.494,19.318,4.81,5.0,1.105781268413877,0.0,0.4429408388607536,0.14911430588633334,0.23774208542166667
ATOM,1879,O,ARG,125,-8.820304591836736,5.138108673469368,-16.615635714285684,-0.55,1907,3.052,-9.5,25.423,2.37,125.0,6.513291289334536,2.0,0.4401618508951147,0.15297471370266666,0.2550056242443333
ATOM,1934,H,ARG,128,-12.306304591836737,-0.7488913265306287,-16.068635714285683,0.4,1962,2.6,-12.986,19.536,2.917,128.0,5.248929492649533,48.0,0.39153820399410144,0.12764114296266668,0.043674234677999996
