record_name,atom_number,atom_name,residue_name,residue_number,x_coord,y_coord,z_coord,occupancy,line_idx,depth,x_orig,y_orig,z_orig,my_residue_number,d_to_vec,orientation_num,integral,potential_V,charge_C_m2
ATOM,1934,HH22,ARG,128,-13.440492864424058,-4.849778797145783,-20.6888965341488,0.4,1962,2.6,-14.121,15.432,-1.704,128.0,3.3884829264704868,0.0,1.816690364762378,0.17274839147966667,0.33987354760533334
ATOM,68,N,ARG,5,-2.813492864424058,-0.9637787971457819,-14.1748965341488,-0.4,96,3.03,-3.494,19.318,4.81,5.0,3.9769284755686907,0.0,1.816690364762378,0.17274839147966667,0.33987354760533334
ATOM,1881,O,ARG,125,-8.819492864424058,5.141221202854215,-16.614896534148798,-0.55,1909,3.052,-9.5,25.423,2.37,125.0,5.638910111004964,135.0,1.5100666687027442,0.15842336379666666,0.3547380976036667
ATOM,15,HZ1,LYS,1,-3.684492864424058,-9.840778797145783,-10.279896534148799,0.33,43,2.6,-4.365,10.441,8.705,1.0,4.111554043308159,168.0,1.4421274786883589,0.05716625544933335,-0.02421623543602333
