record_name,atom_number,atom_name,residue_name,residue_number,x_coord,y_coord,z_coord,occupancy,line_idx,depth,x_orig,y_orig,z_orig,my_residue_number,d_to_vec,orientation_num,integral,potential_V,charge_C_m2
ATOM,373,HG3,GLU,48,-4.550573039555838,14.750956974323366,-8.57678556557947,0.0,429,2.6,11.542,46.725,14.79,25.0,2.258940792907684,0.0,114.59420870377943,-0.12095819653400001,-0.283016166757
ATOM,448,HB3,TYR,52,-2.8265730395558375,2.722956974323367,-3.66078556557947,0.0,504,2.915,13.266,34.697,19.706,29.0,2.6691774246973705,0.0,114.59420870377943,-0.12095819653400001,-0.283016166757
ATOM,4621,OH,TYR,297,-4.032573039555837,6.892956974323361,-4.91378556557947,-0.49,4487,2.88,12.06,38.867,18.453,274.0,2.777045794699598,0.0,114.59420870377943,-0.12095819653400001,-0.283016166757
ATOM,3191,OE2,GLU,214,-0.5725730395558379,27.617956974323363,-8.742785565579469,-0.55,3102,2.88,15.52,59.592,14.624,191.0,3.2070373414128777,100.0,66.71381283932725,-0.0638712783952,0.315559771065
ATOM,4586,HB3,GLU,295,-5.957573039555838,7.336956974323364,-2.780785565579471,0.0,4452,2.839,10.135,39.311,20.586,272.0,3.3675097853055043,119.0,62.857275079945744,-0.16539761174066667,-0.40097032403166666
ATOM,3958,OE2,GLU,261,5.141426960444164,17.211956974323364,-15.35078556557947,-0.55,3854,2.88,21.234,49.186,8.016,238.0,4.6595766606152695,133.0,56.31809399070976,-0.0853109253939,-0.12039342951976667
ATOM,4008,OE1,GLU,264,4.690426960444164,10.616956974323365,-11.367785565579469,-0.55,3904,2.88,20.783,42.591,11.999,241.0,4.7269109346641125,147.0,53.60965096275293,-0.06619619063416667,0.0629706871934
ATOM,461,HG,CYS,53,0.10542696044416289,-2.6160430256766354,1.90621443442053,0.29,517,2.6,16.198,29.358,25.273,30.0,0.7351215643177113,153.0,50.62188435260696,-0.08740640784560001,0.14011057246633332
ATOM,1289,HA,ASP,98,3.3724269604441623,-15.768043025676636,6.87121443442053,0.0,1238,2.6,19.465,16.206,30.238,75.0,3.3632782987178063,153.0,50.62188435260696,-0.08740640784560001,0.14011057246633332
