record_name,atom_number,atom_name,residue_name,residue_number,x_coord,y_coord,z_coord,occupancy,line_idx,depth,x_orig,y_orig,z_orig,my_residue_number,d_to_vec,orientation_num,integral,potential_V,charge_C_m2
ATOM,68,N,ARG,5,-2.814304591836736,-0.9668913265306287,-14.175635714285686,-0.4,96,3.03,-3.494,19.318,4.81,5.0,1.105781268413877,0.0,0.4429408388607536,0.14911430588633334,0.23774208542166667
ATOM,99,H,CYS,6,-5.307304591836735,-0.5158913265306317,-15.006635714285686,0.4,127,2.6,-5.987,19.769,3.979,6.0,1.1269732574603621,1.0,0.4426467526547288,0.15339005734566669,0.30554255138566666
ATOM,114,H,GLU,7,-5.662304591836735,-2.8548913265306304,-13.977635714285686,0.4,142,2.6,-6.342,17.43,5.008,7.0,1.1999045471239773,45.0,0.3948359567700653,0.15837129702600003,0.33331402154333334
ATOM,67,HA3,GLY,4,-2.614304591836736,-3.594891326530629,-15.230635714285686,0.0,95,2.6,-3.294,16.69,3.755,4.0,1.3729890781190095,71.0,0.3725793744771175,0.11262589586266668,0.1286787388682
ATOM,588,HE2,PHE,38,-0.1253045918367357,1.5961086734693701,-12.939635714285686,0.12,616,2.6,-0.805,21.881,6.046,38.0,1.5694445562698234,111.0,0.3367566838712874,0.11167703856233331,0.09537902740156667
