record_name,atom_number,atom_name,residue_name,residue_number,x_coord,y_coord,z_coord,occupancy,line_idx,depth,x_orig,y_orig,z_orig,my_residue_number,d_to_vec,orientation_num,integral,potential_V,charge_C_m2
ATOM,89,HB3,ARG,5,-3.876350357507662,1.2567829417773098,-15.084355464759923,0.0,117,2.6,-4.553,21.547,3.901,5.0,0.6480613625083734,0.0,0.09943898947892624,0.15946080082833333,0.28337421925733336
ATOM,96,SG,CYS,6,-7.995350357507663,0.8207829417773098,-15.886355464759923,-0.29,124,3.18,-8.672,21.111,3.099,6.0,1.6034131168195342,17.0,0.09416744409660437,0.10987115653213335,0.021382296780210003
ATOM,1904,HA3,GLY,126,-10.167350357507662,4.498782941777311,-18.685355464759922,0.0,1932,2.6,-10.844,24.789,0.3,126.0,1.206761571147668,111.0,0.07192850483355763,0.08058546262163332,-0.06687822283679999
ATOM,586,HE2,PHE,38,-0.12835035750766222,1.5907829417773094,-12.939355464759924,0.12,614,2.6,-0.805,21.881,6.046,38.0,1.5272807437292406,127.0,0.06783258493293551,0.161718988741,0.31901731564533337
ATOM,113,H,GLU,7,-5.665350357507662,-2.860217058222691,-13.977355464759924,0.4,141,2.6,-6.342,17.43,5.008,7.0,1.2058714312966154,135.0,0.06717219231026679,0.15206618721133336,0.3309052743996667
ATOM,1913,HA,CYS,127,-10.949350357507662,0.8527829417773098,-16.461355464759922,0.0,1941,2.6,-11.626,21.143,2.524,127.0,1.2334353865950292,144.0,0.06548642506864005,0.09656249260066667,-0.05407190598470665
ATOM,1890,HH21,ARG,125,-4.335350357507662,7.56478294177731,-19.598355464759923,0.4,1918,2.6,-5.012,27.855,-0.613,125.0,0.8069384178839571,174.0,0.05954412935383244,0.19912163992333332,0.537616048655
