record_name,atom_number,atom_name,residue_name,residue_number,x_coord,y_coord,z_coord,occupancy,line_idx,depth,x_orig,y_orig,z_orig,my_residue_number,d_to_vec,orientation_num,integral,potential_V,charge_C_m2
ATOM,102,N,GLU,7,-6.417492864424058,-3.1227787971457843,-13.3258965341488,-0.4,130,3.03,-7.098,17.159,5.659,7.0,0.15002890946755668,0.0,1.816690364762378,0.17274839147966667,0.33987354760533334
ATOM,101,HB2,CYS,6,-7.519492864424057,-1.4447787971457835,-15.769896534148799,0.0,129,2.6,-8.2,18.837,3.215,6.0,1.0131696248393087,16.0,1.7810070380841412,0.173011004177,0.3587132655166667
ATOM,1934,HH22,ARG,128,-13.440492864424058,-4.849778797145783,-20.6888965341488,0.4,1962,2.6,-14.121,15.432,-1.704,128.0,0.9639340065070024,49.0,1.7101593246251423,0.19600519386900003,0.535158285008
ATOM,68,N,ARG,5,-2.813492864424058,-0.9637787971457819,-14.1748965341488,-0.4,96,3.03,-3.494,19.318,4.81,5.0,1.401680409702279,57.0,1.6913382634126015,0.14454791933666666,0.20651166909566665
ATOM,67,HA3,GLY,4,-2.613492864424058,-3.591778797145782,-15.2298965341488,0.0,95,2.6,-3.294,16.69,3.755,4.0,1.6769578374208998,92.0,1.6084267923536402,0.10983085366080002,-0.042410491899766666
ATOM,161,H,ALA,11,-8.385492864424059,-4.457778797145783,-8.8268965341488,0.4,189,2.926,-9.066,15.824,10.158,11.0,1.0421121076507986,118.0,1.5448640039778525,0.11138407386060001,0.03908579324216666
ATOM,154,HB3,ALA,10,-10.312492864424058,-3.7637787971457826,-11.4938965341488,0.0,182,2.6,-10.993,16.518,7.491,10.0,1.180739629692359,140.0,1.4984618479288807,0.14187580901766667,0.1998640621415
ATOM,55,HE2,PHE,3,-4.691492864424058,-7.418778797145784,-9.084896534148799,0.12,83,2.6,-5.372,12.863,9.9,3.0,1.7052184847482854,194.0,1.3917904413285684,0.0664272275696,-0.013074063437606665
