record_name,atom_number,atom_name,residue_name,residue_number,x_coord,y_coord,z_coord,occupancy,line_idx,depth,x_orig,y_orig,z_orig,my_residue_number,d_to_vec,orientation_num,integral,potential_V,charge_C_m2
ATOM,341,O,ALA,46,-3.085573039555838,15.112956974323367,-10.89878556557947,-0.55,397,2.88,13.007,47.087,12.468,23.0,0.8223866481443797,0.0,114.59420870377943,-0.12095819653400001,-0.283016166757
ATOM,357,HB2,ASN,47,-2.197573039555838,17.574956974323364,-10.65878556557947,0.0,413,2.6,13.895,49.549,12.708,24.0,0.716736793014021,4.0,111.45503231102316,-0.10067296615546667,-0.0962407622363
ATOM,373,HG3,GLU,48,-4.550573039555838,14.750956974323366,-8.57678556557947,0.0,429,2.6,11.542,46.725,14.79,25.0,1.1185061812271966,12.0,107.77211545817913,-0.136243544412,-0.22409250184266663
ATOM,380,O,ASN,49,-2.795573039555837,10.776956974323362,-4.931785565579471,-0.55,436,2.88,13.297,42.751,18.435,26.0,1.336810403802926,13.0,107.63097106655634,-0.132027808343,-0.19992380440666668
ATOM,403,HG12,ILE,50,-2.0495730395558382,8.471956974323362,-7.393785565579469,0.0,459,3.182,14.043,40.446,15.973,27.0,0.694980033509389,15.0,105.74753322356831,-0.10538116767903333,-0.2148478624504
ATOM,329,HB3,HIS,45,-4.017573039555838,10.710956974323366,-8.98278556557947,0.0,385,2.839,12.075,42.685,14.384,22.0,0.9593465282636356,30.0,97.82883010438614,-0.1026643872108,-0.12450528336706668
ATOM,5926,HH12,ARG,387,-0.21057303955583784,11.93895697432336,-9.81078556557947,0.4,5767,3.182,15.882,43.913,13.556,362.0,0.6925833925174314,53.0,85.08624435430174,-0.06814077391226668,0.07078066052266666
ATOM,4621,OH,TYR,297,-4.032573039555837,6.892956974323361,-4.91378556557947,-0.49,4487,2.88,12.06,38.867,18.453,274.0,1.1498578930637093,95.0,68.74936348210589,-0.14822083884033335,-0.3017109262156667
ATOM,5956,HG22,VAL,389,-0.40657303955583757,15.808956974323365,-5.36678556557947,0.0,5797,2.8939999999999997,15.686,47.783,18.0,364.0,1.2253524025538902,126.0,60.005228087375706,-0.0722315849629,0.273443908538
ATOM,461,HG,CYS,53,0.10542696044416289,-2.6160430256766354,1.90621443442053,0.29,517,2.6,16.198,29.358,25.273,30.0,0.7351215643177113,153.0,50.62188435260696,-0.08740640784560001,0.14011057246633332
