IS_M,Keq_m,Keq
0.05,13.6264530751993,51259073.668319814
0.1,0.0031973111092708,12027.429646305975
0.2,3.851834530290327e-06,14.489571780471724
0.3,1.7833631960278494e-07,0.6708535591623486
0.4,3.041560665812257e-08,0.11441538115248237
0.5,9.713809825693897e-09,0.0365407557423383
