IS_M,Keq_m,Keq
0.05,347861.8982425996,1482851242340.201
0.1,3.1355585167627127,13366128.528308578
0.2,0.0002701510857629,1151.5888206408147
0.3,3.801853087799071e-06,16.2063813338537
0.4,3.255260860913225e-07,1.3876390706004256
0.5,6.670897940695491e-08,0.2843642649240743
