IS_M,Keq_m,Keq
0.05,34792.43251762268,130879829965.93428
0.1,1.0877552969981923,4091844.634420387
0.2,0.0001965067097231,739.2057092500718
0.3,3.2787994449343506e-06,12.333966980551013
0.4,2.867378271286084e-07,1.078631051174285
0.5,5.7391764784789756e-08,0.21589247640772385
