IS_M,Keq_m,Keq
0.05,4506362071.675162,1.9209532950222824e+16
0.1,2522.9885929965208,10754890916.296656
0.2,0.0213885267383241,91174.12285156822
0.3,9.72706410540675e-05,414.64124602016614
0.4,4.115063749451674e-06,17.541522724998106
0.5,5.153101104256144e-07,2.1966425219188097
