,IS_M,Keq_m,Keq,k_prime
0,0.05,64.43609200307431,2490332732.1586194,492101677.61218244
1,0.1,0.0149178745666294,576547.5554560523,113928.55886257325
2,0.2,1.37434784179345e-05,531.1593719287771,104.95963636915958
3,0.3,5.234729471771715e-07,20.23123647369324,3.9977892433046534
4,0.4,7.819252697000653e-08,3.0219928501298985,0.5971602637981238
5,0.5,2.283048507787893e-08,0.8823549429066585,0.17435756356838167
