IS_M,Keq_m,Keq
0.05,64.43609200307431,2490332732.1586194
0.1,0.0149178745666294,576547.5554560523
0.2,1.37434784179345e-05,531.1593719287771
0.3,5.234729471771715e-07,20.23123647369324
0.4,7.819252697000653e-08,3.0219928501298985
0.5,2.283048507787893e-08,0.8823549429066585
