,IS_M,Keq_m,Keq,k_prime
0,0.05,724.3307740183324,27994010489.67369,5531750575.803785
1,0.1,0.0781934088622166,3022026.9335910254,597166.9988533165
2,0.2,3.90541916703268e-05,1509.3704292304235,298.25882733295805
3,0.3,1.1148481650046991e-06,43.0867669095406,8.514151544999043
4,0.4,1.3947372492752966e-07,5.390394911698602,1.065167856802718
5,0.5,3.6121475916906e-08,1.3960265281988,0.27586152952431386
