,IS_M,Keq_m,Keq,k_prime
0,0.05,10.127546494536825,391410461.86662006,77344582.28502075
1,0.1,0.0042804343463953,165430.66826857868,32689.892532114358
2,0.2,6.4648527715406e-06,249.85429694876277,49.37240598388727
3,0.3,3.088470507995592e-07,11.93635268569829,2.358680470826609
4,0.4,5.26579259094637e-08,2.0351289537184267,0.4021512303754976
5,0.5,1.6736825619767575e-08,0.6468465634345043,0.12781997960083022
