IS_M,Keq_m,Keq
0.05,571.8443410032141,2437634290.405845
0.1,0.0172918298112863,73710.89345381246
0.2,5.775967690121546e-06,24.621555014456955
0.3,1.8700958923814945e-07,0.7971767046988452
0.4,2.887152207501748e-08,0.12307232437205556
0.5,9.086830809068702e-09,0.038734964715122805
