IS_M,Keq_m,Keq
0.05,0.0700985296049196,263691.92872349266
0.1,4.832991700267557e-05,181.80422758236344
0.2,1.8153464271359706e-07,0.6828847956879116
0.3,1.6928212693788712e-08,0.06367941068414906
0.4,4.615662025194658e-09,0.01736288662000612
0.5,2.004909384233874e-09,0.007541933125047418
