IS_M,Keq_m,Keq
0.05,184982.13506374467,788534157307.2155
0.1,0.840764622415249,3583976.489413251
0.2,6.211120540920373e-05,264.76506501454566
0.3,9.814437800027895e-07,4.183657755610951
0.4,9.803118931677723e-08,0.4178832795452988
0.5,2.3254548947022265e-08,0.09912852476905773
