IS_M,Keq_m,Keq
0.05,8.487308452660127,31926985.46127682
0.1,0.0013783869126665,5185.123077142849
0.2,1.4001097783011535e-06,5.266838690421577
0.3,6.707969350442469e-08,0.2523358743479421
0.4,1.2451722370703232e-08,0.04684005080228903
0.5,4.3142029320674795e-09,0.01622887810162542
