IS_M,Keq_m,Keq
0.05,1.3827749013932882,53441627.06178421
0.1,0.0004835199103482,18687.127384029955
0.2,9.20805394873774e-07,35.58738190846514
0.3,6.088167124098708e-08,2.3529611118054223
0.4,1.3771102147613926e-08,0.5322269766836044
0.5,5.426471240525874e-09,0.20972282039938456
