IS_M,Keq_m,Keq
0.05,0.163954714725447,6336538.73132202
0.1,0.0001188849011258,4594.675925083964
0.2,4.039012812432948e-07,15.610018391447316
0.3,3.5053500774005456e-08,1.3547513146838321
0.4,9.232818134735636e-09,0.35683090790023136
0.5,3.972938480177796e-09,0.15354653630402096
