IS_M,Keq_m,Keq
0.05,0.0346221186503605,1338079.2138598117
0.1,4.3501862826888586e-05,1681.2644829935714
0.2,2.2885219142970846e-07,8.844703107017134
0.3,2.4162283484987576e-08,0.9338264251576481
0.4,7.052254473362044e-09,0.2725562585280253
0.5,3.2115739324106436e-09,0.12412124070541107
