residue,res_num,x,y,z,q
LYS,1,0.024318326065485254,-1.037983167055345,-0.9949388603867246,2.0
ARG,5,-0.42037433941664615,0.27674922358435156,-1.347070545289289,1.0
GLU,7,-0.4974946643150398,-0.589484892020588,-1.2136351976759931,-1.0
LYS,13,-1.3037201729882204,-0.06978443739481677,-0.6027832237393138,1.0
ARG,14,-1.1074942175364657,-0.7941786848750704,-0.45895593099327125,1.0
ASP,18,-1.3581059931951713,0.30308593666235367,-0.3627544599661956,-1.0
ARG,21,-1.0453933565723035,0.4645107683005239,0.8713703277871323,1.0
LYS,33,0.3269300355049878,0.4811772182181717,-1.3151003796414307,1.0
GLU,35,1.0879834319864734,0.8122946673631725,-0.4736804799406375,-1.0
ARG,45,1.3594903386726198,-0.26409340871425313,0.3872266293916226,1.0
ASP,48,1.1840599260915214,0.19513323044143432,0.7923565395591411,-1.0
ASP,52,1.3705897728635013,-0.04068837937206058,0.43328039684084063,-1.0
ARG,61,0.9720177208330798,0.0037501509053220624,1.0597505643948286,1.0
ASP,66,0.9888334461136993,-0.764171191301521,0.7114454147805193,-1.0
ARG,68,1.2005546303122117,-0.5899530349274981,0.5277573004670312,1.0
ARG,73,0.3195336202093454,-0.20701633359553515,1.3867033839870289,1.0
ASP,87,-0.4071278753613595,-1.342323195657767,-0.316731911059449,-1.0
LYS,96,-1.2308794366466205,-0.33078678076435897,0.6658976573712769,1.0
LYS,97,-0.550937859621408,-0.43946637589714516,1.2534913447136824,1.0
ASP,101,-0.20970851928691522,0.4586057920346722,1.3467022077769257,-1.0
ARG,112,0.4099977624454711,1.332317435933096,0.35317963797318896,1.0
ARG,114,0.6189146474131765,1.093116452610326,-0.6999606076277046,1.0
LYS,116,-0.13633571963277405,1.4264108257812669,0.12111358151224352,1.0
ASP,119,-0.4998162636589775,1.0937065644696968,-0.7886021971807952,-1.0
ARG,125,-0.5124840758530803,0.5585617667280771,-1.2219953341674952,1.0
ARG,128,-0.9196534436509956,-0.18012309944629656,-1.0907323157435238,1.0
LEU,129,-1.1059873474806514,0.02359806620492869,-0.918770314313978,-1.0
