residue,res_num,x,y,z,q
LYS,1.0,-0.22320977034456557,-0.6268031794885839,1.2748094652165587,2.0
LYS,1.0,-0.29135916220396085,-0.9699693917665578,-1.0208394671229262,2.0
GLU,7.0,-0.34289039178027636,-0.7226362040587813,-1.1950176131791044,-1.0
LYS,13.0,-1.302781870794216,-0.07052975626741044,-0.6046725978666326,1.0
ARG,14.0,-0.96877828578832,-0.9717372888779702,-0.4301619164792908,1.0
ASP,18.0,-1.3215096460937223,0.3860054923031663,-0.41527823828493016,-1.0
ARG,21.0,-0.9763559548763845,0.32881748249109605,1.0032208692933182,1.0
LYS,33.0,0.39744666953493496,0.34644756453795406,-1.3378543380732104,1.0
GLU,35.0,1.1127829476610867,0.904605706470434,-0.10605011652907308,-1.0
ARG,45.0,1.3127532339963102,-0.34964786950771093,0.4714544664980362,1.0
ASP,48.0,1.1682232199020508,0.1800861728599784,0.818942903276126,-1.0
ASP,52.0,1.3363838157609906,0.15790653253259268,0.5069396650052426,-1.0
ARG,61.0,1.0425073338240705,-0.029720026486951833,0.9900197871500563,1.0
ASP,66.0,1.0560359624607183,-0.6320268532987406,0.7437567496829565,-1.0
ARG,68.0,1.2785615199460933,-0.5614363739540169,0.3433855525710144,1.0
ARG,73.0,0.15875737367309445,-0.18017472317937105,1.4178071679292845,1.0
ASP,87.0,-0.540976007497481,-1.311905200720353,-0.2325805315046282,-1.0
LYS,96.0,-1.285578342385324,-0.4821693059327307,0.42736996385585013,1.0
LYS,97.0,-0.5714705473765671,-0.661976399763251,1.1415133199562812,1.0
ASP,101.0,-0.07015899884009286,0.42557739612513995,1.3717891947340528,-1.0
ARG,112.0,0.5881516497270665,1.223737403120415,0.4736965327373987,1.0
ARG,114.0,0.7446570185433854,0.9109425652052691,-0.8267487935469395,1.0
LYS,116.0,-0.10331514540120235,1.3928510323834133,0.3422513437799592,1.0
ASP,119.0,-0.5705161285227127,1.023853743156596,-0.8331139536220017,-1.0
ARG,125.0,-0.34694147971659695,0.5435780953559912,-1.2853009234810386,1.0
ARG,128.0,-0.834148947996068,-0.23211113858338267,-1.1481132138872798,1.0
LEU,129.0,-1.2163207861343186,-0.061518512290633674,-0.7646065771775316,-1.0
